匉	8
美	8704
兊	18
厝	167
逆	9469
掞	30
糯	19
瑜	7367
柟	22
捒	29
禂	3
喙	163
坴	10
呞	81
慆	3
燧	255
縣	2922
蠒	10
陜	178
省	3796
噉	4442
賏	36
岊	1
繄	47
濆	23
鏐	32
慘	440
莕	2
伩	1
靶	17
ḥ	2018
羝	401
扮	19
是	950121
呪	25133
旻	374
梳	323
岝	1
黯	144
童	15730
筟	2
踡	45
顥	54
蚪	17
瘍	36
荑	19
鷫	9
曾	21499
萁	5
鍍	11
丫	5
窯	78
賸	70
媋	1
奚	1029
鑱	66
粇	6
湑	38
媲	25
霆	147
粍	2
哮	241
猿	459
鐏	18
槵	87
嬥	4
侯	2089
涷	11
蕛	8
孿	9
芎	12
陡	11
頬	1
躩	1
滛	3
矯	953
芩	14
偝	13
踉	56
霪	10
縡	6
選	1794
漣	50
臊	106
蘩	18
喘	457
慁	3
瘂	817
詑	180
駿	367
偓	15
淮	1003
壈	10
瘙	40
辝	39
筦	20
矴	46
七	110320
罌	24
祈	1781
葥	1
汗	971
扯	2
帶	4013
縺	16
璊	14
鶻	109
憔	290
咊	2
趦	1
渥	140
后	3157
繛	2
醢	37
塺	6
增	64746
侅	7
菔	54
誠	9290
萬	43866
泲	10
絻	10
襄	1013
具	108825
聗	1
倖	145
薹	40
挅	5
糶	40
鸚	774
謌	32
蜊	14
叨	175
僧	112200
絪	16
𥙞	1
騗	5
泉	5536
俆	3
初	134420
袁	438
彀	24
鏌	32
欒	123
潕	1
寨	35
肴	135
悊	14
扼	297
鸎	51
焠	1
薌	17
麓	197
罪	52474
鞲	1
桎	174
齡	482
ㄐ	4
訽	7
讟	86
臾	3156
秖	2324
坵	16
秦	5969
术	6
穬	157
佃	75
攐	1
兇	594
鶬	28
嚤	54
妹	1898
彘	31
嬌	142
玦	43
喭	20
藡	7
脨	1
坷	1
勝	102349
歔	93
脤	6
郟	8
蛆	241
迍	36
淳	1961
燬	38
澁	1169
鎁	25
倠	6
鷹	646
墩	10
檐	309
法	741669
餢	4
偄	3
蘙	3
醫	6496
悰	78
炎	3710
鈘	6
敗	3767
酓	21
腜	1
輲	7
酪	3143
遞	688
巴	863
姜	177
饆	4
雋	85
澙	1
基	3153
蘺	7
籠	1300
派	599
刕	5
謗	11423
魯	1862
辬	2
闕	7934
愸	1
焄	3
酢	495
鏺	12
礫	884
灝	16
承	11380
轇	5
睉	2
倿	11
餓	6926
啦	3
楩	23
肕	11
榵	5
恒	27287
墟	283
痀	2
寑	10
鍪	25
劖	30
矛	921
堋	31
傚	65
肁	1
八	131148
釗	50
塩	16
詸	2
褾	18
置	17695
飋	4
拌	13
鼓	5836
弉	15
嫫	9
卷	90171
珽	15
宿	19896
塐	26
譌	37
柙	5
柘	286
覉	26
荄	42
鐸	615
淑	273
題	3592
靳	105
蚹	6
刺	4582
闠	66
慧	95948
呣	2
觪	1
眚	173
蕫	2
樚	13
磗	4
曌	2
翔	822
忕	5
廞	2
蜽	15
揰	3
嗦	6
金	74544
縊	127
銙	1
眆	7
俵	31
瑱	44
騲	15
自	273489
卉	296
塟	4
葌	18
葋	5
腩	25
效	499
挟	1
碢	10
粤	2
醦	3
週	97
喗	1
湓	25
枘	7
洎	598
緺	1
貝	2325
砒	7
軮	1
瓟	4
薁	16
布	33837
藝	1376
笔	7
爻	237
闓	406
聾	1670
妸	5
萋	5
孳	50
侗	30
爂	1
裐	3
諵	32
瓤	20
斢	1
瓘	65
殣	2
鵰	188
駞	42
瑕	1444
偲	14
稷	270
螂	15
鷘	2
鄱	46
覬	36
鎖	2086
馨	279
恰	576
ケ	3
濄	12
倥	5
氈	553
忳	7
吤	1
九	63569
葹	1
鶣	10
甛	16
獚	5
虒	94
噝	1
掖	297
槎	65
茌	1
關	5475
戉	51
岹	2
宴	1135
祊	1
剞	40
羬	2
幼	1941
璣	172
宋	5929
鏇	30
睒	982
斯	35852
洪	2008
騶	26
縋	14
鸝	19
赼	2
絸	6
彽	5
俍	1
嫋	7
嘎	2
峙	315
營	3526
魑	156
簇	93
鑪	703
噀	23
徹	4912
幎	1
濶	30
摝	49
唯	81302
爯	15
鏫	4
杔	5
柵	163
簿	337
昳	42
豝	1
⊥	7
柧	26
洐	3
相	392728
轑	4
媬	1
佟	1
环	1
傮	1
倝	17
欨	1
擄	5
瘧	352
隤	95
譍	16
豻	5
鷴	5
蘄	148
鴩	3
効	739
紕	102
瞪	141
攷	14
荼	4676
黿	193
頓	9428
芬	930
佈	4
磬	469
疻	2
揋	1
耰	5
マ	1
璺	28
舉	36388
採	10902
覃	186
枿	48
霣	6
僢	1
耶	77973
呴	46
島	201
銹	3
蝪	39
祘	5
寮	650
悁	24
仁	12162
蔇	4
譯	39003
橺	1
葛	1448
聵	53
撾	412
倬	3
璧	403
胳	20
廇	4
墡	29
笆	2
巇	31
嘉	3445
伇	73
窻	16
鴛	398
絓	80
舡	313
亼	20
餳	23
孆	3
殫	152
鋡	177
襍	1
教	106469
豐	3453
蜚	81
厎	1
趐	11
飱	29
巟	11
楅	2
趫	7
稭	10
卸	95
啹	2
羨	405
騵	2
汓	2
壅	383
螄	6
鍊	754
偍	1
蕎	15
穄	22
嵒	43
螲	1
跛	2709
昦	1
全	12244
㲄	11
劉	2112
稉	2
廋	33
麱	1
辟	9369
儛	7
擋	35
鞽	2
汁	1755
啎	7
瞎	599
啌	1
瞫	3
僐	6
畋	147
蛽	1
延	8693
猰	4
幨	1
臍	1218
篥	20
幅	237
尿	647
抗	737
戍	870
憒	896
壚	10
蹲	598
圌	53
宵	384
蠋	1
噢	24
偊	2
叻	12
慨	567
鷓	65
雰	53
襋	1
孌	20
墆	1
噪	83
仍	4280
緤	59
砂	567
晉	8949
鷥	16
霛	4
佁	3
鏜	4
輀	3
機	14201
虐	543
怋	4
欶	84
謨	3130
酻	2
患	13794
烋	26
蚡	29
擟	1
磸	3
斑	410
蛔	22
讇	57
蝶	119
胸	1955
技	772
屠	1613
捼	51
遜	751
泣	2930
摺	46
莽	950
莓	25
褢	8
欣	5420
追	4280
葎	4
閗	1
譥	15
邈	514
藐	13795
挊	14
襖	37
挓	27
蠰	57
檈	6
囐	9
濉	1
熭	1
崑	309
ə	1
酒	6848
弱	4083
偶	1022
恃	2292
紇	686
廁	1358
轅	241
僅	396
蕅	22
企	974
彫	531
鸍	1
塕	1
蠢	317
勞	7999
竅	389
璸	1
觥	7
眒	7
澠	35
及	164656
啞	470
碧	935
跖	93
胠	7
跽	38
韋	2107
錄	21000
淠	3
焣	8
爮	15
詼	6
緣	212814
欱	37
懌	163
楄	3
獏	1
捚	1
榨	4
失	48585
澸	1
衎	12
綍	5
蝌	9
妺	1
悛	110
緱	21
痍	115
旗	561
瘺	4
媠	5
獅	240
檥	6
遲	2369
室	13678
昊	194
戎	606
釃	5
臻	560
賡	27
蜆	43
愾	17
曦	75
鮞	1
揘	1
嫶	4
幵	84
祱	1
妮	10
熾	6199
遍	67483
袱	36
趻	1
儻	726
垒	8
迢	216
髓	1545
獑	2
稌	3
犳	5
愐	12
試	4092
蹴	218
紻	1
艥	7
煫	1
畡	1
託	3485
勐	6
戢	214
磽	55
箈	1
涌	1926
絲	1465
佞	401
睡	5668
踶	6
嗃	3
鈗	1
硱	5
糕	13
使	52807
泬	2
磈	10
穴	2255
倘	75
櫞	13
盭	1
觴	75
坁	8
辨	20247
胢	1
椽	447
囈	29
鶘	16
擘	458
橐	195
擣	618
鋇	1
味	28092
昷	36
緟	2
鰲	14
壡	3
珦	2
衽	47
瑠	1628
陞	485
祫	3
嚱	1
鐐	9
訇	18
耔	2
咓	18
蓺	23
揮	709
鞋	484
牾	1
樀	12
盯	3
懤	1
瑒	11
獃	13
靡	2849
哨	11
剷	2
碼	167
明	235475
牓	185
忒	96
菧	3
嚪	24
寥	472
滯	3125
葢	169
墁	15
璚	5
車	13538
歿	920
嚂	40
櫟	11
隰	73
搏	650
鬽	25
貲	178
爤	4
椥	2
躬	2049
菟	206
竝	2193
睿	376
早	3111
侈	229
讞	3
駙	66
廠	37
㬰	1
添	664
瀰	27
筳	7
妧	4
蘊	20608
跋	11108
錞	10
咮	8
贓	53
懟	62
虈	3
銶	1
瘰	12
匌	3
鼪	3
彞	6
嫧	1
崘	12
齅	84
威	26058
醬	121
買	2111
堂	14609
峪	28
蚭	2
艼	4
峊	1
嘵	2
艿	2
禨	2
鑢	4
遷	4383
槯	1
臤	25
涂	7
膞	73
臯	93
肆	1444
蓓	3
縒	462
禫	4
摻	20
騾	240
周	20676
嵸	18
颼	62
冄	1
玄	15187
埳	38
誔	1
軻	210
飰	11
拯	706
嶬	5
鼢	4
鎋	33
餂	4
姤	174
磥	2
栿	55
媸	35
覞	8
銝	2
忑	1
軹	4
漩	84
噬	231
魪	2
嗎	2
嗸	5
肌	473
帚	161
換	703
榳	2
寉	49
篛	2
皯	13
嗑	15
㷈	1
弒	16
兔	1957
鄜	32
褁	8
筠	203
囗	206
肅	1933
蠆	108
蜉	57
怖	19271
竭	6338
咠	36
騂	3
蒍	2
匛	3
炳	592
夹	1
宀	126
忝	198
韌	9
咳	172
鏵	36
豰	1
隳	49
喤	5
刑	1642
誙	1
蟒	413
訾	482
氐	457
楎	3
佫	28
娃	5
頣	1
穆	1111
悕	1721
捴	24
匕	371
弄	1658
蜙	7
婕	26
卮	2
弧	33
阤	9
掏	13
胙	6
瑀	87
蜎	287
燭	1517
蹻	28
香	52110
產	2107
佸	4
鍚	12
醞	66
媔	8
惣	67
坥	5
韝	5
鸑	13
圝	19
筒	613
竫	5
遻	98
雈	12
僇	1
棋	24
┘	168
笥	115
椎	826
禛	1
封	2877
艤	21
碕	1
胑	25
麰	13
鮔	3
嶸	83
疚	35
擬	3650
嗁	7
撓	409
活	5564
燄	61
憺	241
臃	8
蓂	15
逮	5717
伽	47833
淚	2415
蜱	233
隗	49
黥	20
項	1322
黔	128
惢	9
熳	19
嘌	56
莎	5289
鬷	2
摓	6
橽	2
復	209156
騀	5
眂	3
場	10709
王	194787
邯	53
槌	548
臰	8
攟	4
逈	962
拆	187
時	337800
性	207746
嚈	3
桙	3
粆	45
淪	1169
怳	93
鶩	73
駸	22
焃	3
眛	1
駜	1
埒	28
焊	8
厇	1
蝠	72
蔴	4
快	6679
蕈	30
讀	11029
辠	11
峗	2
鉸	49
埴	117
歊	10
驫	4
皚	17
恙	145
馭	439
靽	52
醻	54
鴐	4
汩	105
踚	1
螥	6
鈒	1
嗚	1346
旃	3933
頎	9
譀	5
鋼	53
梴	5
俶	57
擎	1164
豕	446
唋	2
凝	1680
湢	2
鐆	17
穉	38
矂	1
遙	5364
痊	130
溝	581
圪	7
逾	1384
譮	13
噈	6
牀	212
壒	6
熅	82
笴	64
珪	362
碑	1248
陣	1074
翾	34
帋	12
烯	1
估	619
搜	759
鍑	59
幢	8854
榟	1
懇	706
亶	188
堲	4
尰	8
輸	3711
驂	44
狃	7
鼖	4
癿	1
ニ	2
枲	248
嚊	17
掇	199
痃	25
請	34402
歍	11
骷	3
叕	47
梵	50086
偕	261
慶	7702
豗	1
鴝	66
逩	1
諙	2
顯	64886
粘	186
給	9775
遟	10
达	2
孰	1558
輻	898
皰	255
踪	52
騞	13
婣	1
靿	11
漶	6
泡	817
瞄	1
飡	682
霡	6
玭	22
訝	146
啝	72
璘	43
肹	31
誄	70
短	6997
讁	104
𥙆	1
飻	26
緯	354
閼	925
囏	5
髰	1
疼	376
蘤	15
嚙	380
岮	1
畞	1
嵌	14
亾	95
惜	3970
据	6
艅	5
隸	1567
授	37473
熣	2
鈏	6
皪	2
才	6921
样	3
紂	244
酧	30
粮	76
袗	2
逅	64
諴	7
帎	1
嚵	13
嬩	2
濰	3
鵶	123
袹	3
嗺	2
籜	7
霢	2
垢	19638
腕	610
醟	12
嫳	3
傖	12
奩	83
躳	12
饌	588
忤	230
環	1863
檘	1
壴	47
黼	47
顋	17
協	262
抄	2846
葧	2
挂	455
哄	7
́	3
詭	508
虡	9
奈	4622
馮	252
膎	13
沐	1484
罏	66
癁	1
鞁	11
嫁	948
堁	8
楮	41
𢝋	1
泰	2791
凢	4
朁	36
頭	41118
赴	2816
鐻	1
答	106591
遰	21
誽	3
霤	63
棃	3
嫟	3
鵯	6
傒	22
䯢	1
賦	720
脋	2
槭	1
妣	67
擺	105
攗	6
鼫	2
胃	645
撜	9
搢	85
運	7891
轆	78
噭	102
渦	32
搼	3
蒐	38
芸	788
宥	151
龟	4
躰	1
否	2369
踠	22
枚	819
杉	129
豾	1
嵨	2
呮	1
瀘	17
揶	3
紡	115
蠉	18
笮	114
魋	16
商	14655
鑭	1
】	1502
凵	123
莀	1
諍	12793
懃	2688
臿	53
冾	2
纈	138
纍	62
奘	2956
錙	62
弇	54
韓	1214
𠑓	1
愅	1
嵂	2
綮	14
尋	21405
吷	3
廜	1
栂	17
份	13
帑	55
儥	1
划	2
踤	5
ㄥ	4
怒	7060
絺	1659
嘯	235
綹	1
蛢	3
禰	1500
弆	8
繬	1
齜	17
琬	88
熚	8
柿	71
窗	21
摕	1
歧	78
暌	4
騙	10
姦	683
愴	200
傾	2955
囔	9
淞	2
藺	38
見	321474
幘	78
譁	142
屝	3
燻	15
厹	1
芔	9
佲	3
密	21743
椉	10
鍱	168
睚	31
喵	1
癈	234
鱕	3
儜	319
臚	722
涓	189
磕	172
穭	9
蜤	1
檴	4
窰	28
俓	5
虓	44
妬	3456
蔬	475
殍	12
榤	4
掟	2
剆	12
幂	1
頪	2
噽	8
挐	63
廸	4
褌	25
櫖	6
衘	19
厚	3766
漼	5
揌	8
肝	663
慱	5
驛	299
脩	3426
賔	31
ㄙ	391
ヘ	1
橭	3
厂	323
艎	6
奴	3990
夰	4
狉	3
抹	118
旵	6
骴	2
痵	6
讂	3
恊	16
燌	11
手	42971
á	21
鸐	1
稞	11
栱	51
儉	993
鑅	1
寣	7
客	7099
踢	70
攖	5
審	6534
踑	4
懬	1
菠	1
礛	2
顩	1
迶	1
玸	4
漿	1693
悐	3
實	122842
繇	156
郍	12
樎	4
禹	740
凷	12
啇	75
踰	3102
史	4914
叩	584
莘	44
蒡	2
諠	439
硨	196
倕	33
厨	822
照	32779
扊	2
莊	31059
冡	113
肊	3
鬂	3
璪	101
廣	73684
鬼	23871
騼	5
碔	5
袧	2
裱	3
郢	294
蛻	134
娿	3
浹	127
稚	964
桉	42
鯛	1
’	62
龜	2408
膬	7
暠	70
綌	11
乱	35
咡	2
鬉	4
䝞	1
委	3468
錧	1
ī	1206
駘	40
縍	1
肣	1
妊	636
臀	45
諒	321
墪	1
欻	448
倢	15
ロ	1
漦	5
蛣	44
荂	3
鑠	276
軗	9
擑	3
鈿	100
詧	36
淣	3
卣	1
耳	41958
埌	6
播	2057
聆	171
淆	68
糅	258
嘐	6
蓯	1
牧	1479
柀	3
涉	3767
壁	3833
架	523
伶	69
苻	106
滈	3
穫	106
糜	624
坍	1
駕	2137
葊	2
耜	217
黤	53
閻	9519
唥	46
魃	24
懺	10624
蓼	73
騇	4
偟	11
篔	6
粥	1433
牯	206
躞	11
鑛	220
毉	38
鋨	1
蝍	24
悖	233
殤	80
豎	584
齹	7
噆	25
詖	57
睢	81
額	1952
鎒	5
涸	409
幮	6
團	1607
𤧕	1
蕾	5
瓶	8694
酵	28
唦	2
穘	1
俅	2
鉊	1
闃	11
椁	5
累	4774
撮	888
鵹	1
鏁	119
阜	810
堐	4
祕	9823
侇	1
倦	2548
炵	1
堹	1
輇	1
牸	257
蠥	5
縎	7
枟	1
猷	607
》	13419
栽	674
邐	49
矤	5
琓	8
朸	2
牌	242
箄	81
吪	3
豪	1945
警	1389
諡	1056
紺	1168
硎	35
少	42145
戝	1
眩	392
懨	1
閬	80
荖	12
瑟	4084
匳	45
貪	39756
捙	5
釤	117
冈	90
敜	7
鮑	111
攏	6
飥	5
蘽	34
餧	155
治	34026
滓	535
竪	5919
德	120371
堇	42
窴	33
臘	1560
嵑	1
謂	220692
叭	6
蛈	1
惒	1064
唣	1
蕨	20
脞	7
主	39810
引	73413
壺	263
邭	1
彪	233
甾	36
呟	2
嚲	661
榼	21
嫣	4
樞	875
嫓	34
聀	1
摚	15
縶	181
宎	4
跱	80
獻	4855
牝	200
曚	109
領	8379
堷	1
廾	366
嘋	1
澨	6
蟆	92
懥	1
欯	8
艟	1
偭	4
鑮	2
檉	21
蕊	27
褫	108
錍	180
蚑	112
瘳	226
陬	52
掾	45
儽	1
鼒	1
非	321599
杏	167
剒	3
嘢	5
帷	171
餝	15
私	4252
縜	2
鏹	8
园	5
嗢	1031
垖	22
熈	120
諺	121
緬	169
钀	2
舤	1
蘧	49
怔	8
溫	2212
柑	9
降	13726
勗	349
憗	2
礌	2
當	184986
蓹	1
并	14299
蹣	7
飦	2
此	531911
胝	4757
蠨	1
巗	3
惻	409
鉦	22
倊	3
汀	88
擴	35
於	468102
誕	1336
湉	3
嘼	7
亯	1
沚	21
嗜	1193
稼	843
颻	34
胻	20
禜	3
被	17114
譬	37842
搚	2
嗄	33
ㄨ	170
轢	185
柬	60
禖	2
浮	13436
竲	1
愰	4
注	12497
愒	32
佺	54
墖	2
舅	473
呍	1
打	9487
瀋	9
柛	1
豿	2
歘	95
鄧	497
毄	2
玞	6
藤	876
貜	1
厤	2
鏾	2
旆	22
厩	130
枌	4
屰	33
嶠	97
啷	3
彤	47
嶙	26
衦	10
蜄	2
謑	10
厲	801
鏴	5
串	748
逢	3606
恓	10
袈	2789
氣	14650
擦	12
曤	11
藾	3
朷	2
坼	155
懲	187
膚	1041
槨	114
鹽	1616
茤	9
构	18
繀	14
鉋	11
葷	252
跪	2840
墫	1
不	1195185
餛	8
攕	7
淝	9
鬡	3
噔	4
煄	1
侶	2313
糊	57
貳	234
巨	2283
爃	2
柁	280
巒	137
〕	422
三	531138
苕	70
隁	7
杜	2737
育	4621
荇	8
鵛	2
篪	9
銃	4
貛	3
籃	75
蠮	14
ㄕ	8
壻	32
腉	1
厪	3
嗏	64
廖	30
畊	14
懾	152
鴦	1026
忰	5
甎	338
鋒	1250
斁	17
劃	152
鮭	15
璉	129
嵳	1
余	2109
猬	1
鏘	196
稛	1
癧	15
癮	3
嚐	5
嶲	18
庂	16
湴	2
曶	28
稑	2
蓲	9
塤	18
蚘	12
兹	4
撠	3
竷	4
磫	4
胂	1
琨	61
黻	31
祙	4
劫	39844
伏	29240
扢	2
鄉	1926
塭	1
危	3030
̂	1
┼	4
髬	3
蟻	904
塞	8672
劯	1
禳	223
塔	15258
絫	11
慴	67
燈	13935
餫	1
豨	5
臽	51
咾	12
裎	3
祅	17
醑	5
廕	112
糞	3868
瘠	143
在	183217
部	38927
猵	2
憰	4
嚛	3
退	34166
驃	444
椯	4
鎌	112
恲	1
埊	1
閘	5
艶	163
艛	1
薾	10
吾	19158
艑	5
笿	5
垣	666
旺	13
唸	4
菵	5
蠻	243
飶	3
牃	25
保	3228
絬	3
綵	1145
栝	56
哂	241
澧	153
定	136262
摾	28
軛	706
茈	3
垧	5
陝	181
貙	29
衃	1
磵	37
窩	15
耩	3
幃	93
ā	12872
籮	24
瀦	6
僃	16
底	16895
洟	345
甆	9
醛	5
卅	87
麤	737
娾	1
筬	6
蛸	5
儇	15
餒	72
殿	10715
畐	40
泿	1
稯	24
殞	586
諫	4123
邲	25
誓	9545
遅	2
跼	30
鏒	3
餮	181
檷	1
刨	10
鏦	6
潦	167
蘀	6
鴳	17
廟	2545
怽	2
方	164938
癄	5
礙	34172
阽	8
晐	1
橘	118
槃	57306
服	16988
玝	2
梩	4
軖	3
鈕	33
舟	2539
燜	9
繫	30836
籯	4
圇	1
齦	6
遝	7
誇	283
蠁	12
霝	17
綯	6
々	15
堽	2
櫡	3
霰	36
鶿	18
悱	57
崁	1
皻	2
獊	1
驡	1
瞴	2
搹	6
嚚	141
孵	1
罵	4208
魔	28784
嘁	17
魍	207
詣	16764
昉	141
襻	32
賾	367
雝	34
嚝	1
跇	2
珮	168
蒲	1672
熬	127
禺	131
綾	184
罯	6
涳	25
僬	9
鐝	24
薰	1185
濩	76
酊	4
襧	7
胴	1
睥	22
勩	2
窪	36
褸	10
褺	78
懊	821
郪	6
烣	1
杼	105
橯	6
紗	110
亢	717
蟠	253
研	1475
顒	388
媏	1
僛	1
釭	23
唾	1477
廩	165
袄	3
跿	1
籸	4
鵳	1
疊	2898
侑	14
甶	3
昔	20767
茗	124
癑	9
儅	10
啻	161
移	5545
洲	6300
憂	20653
岾	9
頙	3
薺	26
晒	26
坩	19
嬻	20
（	4562
殨	15
桰	1
剜	223
盩	15
巷	1027
肢	399
甿	16
儆	24
萄	171
愆	946
匪	853
芅	1
熲	3
攵	2
別	189808
窟	2964
差	40603
謎	373
誚	216
紅	1990
嬾	345
郭	2995
勺	82
蔕	81
倆	163
翬	42
万	149
夅	11
枋	36
̣	4
鉆	82
荔	220
葻	3
咲	156
租	151
豺	302
鼎	638
翷	5
沸	1082
偤	1
勿	11630
抌	3
炯	49
漄	5
泓	143
銼	12
愻	33
缶	116
萰	1
霍	425
沷	16
槫	3
齊	14522
氤	66
悢	28
簧	49
瞳	204
鵄	338
搛	1
灒	69
村	4747
淀	31
薑	370
污	11185
齈	2
霖	162
借	2786
輶	27
揜	99
柺	9
荏	94
酤	593
禦	429
堶	6
蘖	1154
泭	4
什	9272
聱	22
嚾	19
訓	4030
剳	31
蟾	130
蟭	36
掁	64
挫	398
吚	12
砥	116
鸕	29
穸	13
腓	48
窺	652
嬔	8
鋪	603
碗	24
疨	1
哲	1042
餙	16
飇	19
罨	7
泪	10
諉	6
綟	60
怪	3816
褵	1
堣	2
◇	1
唻	30
劄	141
媾	64
芭	679
論	128546
箎	16
阪	40
蝎	232
中	460208
顓	90
杴	28
哩	10994
汭	43
伀	22
脝	1
稺	2
婥	6
蕮	1
榰	42
羋	4
㬠	1
噻	26
蟉	5
噂	5
牕	43
徜	4
滇	5
唓	6
唆	7
祥	8085
鑑	1208
蛗	6
劬	637
畦	152
喋	23
詹	179
岬	24
駮	130
蠟	270
萩	17
仡	405
跺	1
覂	5
坦	947
隄	142
夌	230
奰	5
瘞	160
絅	34
怍	19
喑	96
迂	208
牢	3790
牜	1
鈤	1
粄	6
𡉬	1
陶	1535
邡	23
柯	860
嚏	72
鉓	1
苠	1
鬍	5
礊	9
嚅	3
潮	568
藥	25614
嵆	36
姖	2
糎	1
屐	361
燖	16
淈	23
佉	4892
聡	12
彼	263476
怱	457
跒	1
奮	2352
臟	134
笟	5
鹵	361
銜	819
班	835
萉	18
鼕	24
筀	1
晡	565
皖	31
溓	7
惼	1
蹽	1
曯	2
庬	8
蚺	3
琅	179
噇	49
鈈	1
脾	655
犀	523
捃	135
捂	5
夯	5
恬	683
轤	23
糢	2
輯	44
猖	68
涑	22
痓	3
肱	98
後	157641
鋣	1
詰	3089
愙	14
猢	45
弟	30151
歀	1
燁	35
曛	34
杋	2
怘	2
椃	1
昇	4947
褕	5
舸	64
潢	93
漜	2
泱	8
幖	343
瓞	4
孜	283
墋	54
懭	3
莾	127
晜	6
磻	11
艾	237
轗	24
勤	22540
鷠	2
彜	4
枇	36
籰	46
姻	262
雩	36
鰂	3
澍	414
碃	1
瘟	8
誐	4592
靈	10319
噘	2
每	6140
螔	8
腨	218
┬	102
珵	17
鵪	4
袲	26
鮷	2
褪	1
姆	11
嘞	22
輬	15
肻	2
潎	4
蔘	18
顪	1
慣	308
沙	70726
어	4
轘	11
朧	26
詒	16
狖	43
耿	178
褳	1
蔑	863
橠	22
偡	2
免	5440
調	21584
迮	361
緻	362
縈	418
榑	12
潫	2
邁	855
鄆	23
害	21329
烹	232
剁	1
盥	306
縉	137
阹	1
世	311021
拳	3195
￡	18
鷟	13
啼	2902
擐	410
蚸	1
家	66590
憖	8
兾	13
幕	185
曨	7
鬯	50
蟃	5
鍥	12
斬	1629
戒	103762
吊	94
徼	136
憤	768
奭	36
椂	1
拭	1128
竺	10226
優	17068
蟷	7
物	50812
鮐	8
向	57594
├	299
嗪	1
訛	1783
龢	2
訪	1676
稀	315
杖	7300
暖	1099
晴	404
蜬	5
偒	2
筞	11
醰	7
櫁	35
熱	11827
瑇	15
棱	74
覔	44
雇	410
吭	12
襞	120
陌	345
譡	39
頑	815
擲	3445
垔	43
篁	25
礎	62
陽	7935
樘	26
檂	1
彷	147
珷	3
尞	46
鸋	9
芷	17
驝	10
灆	18
桷	45
楳	1
粹	212
善	299992
蛚	2
『	66898
繘	2
睞	88
裔	490
葇	1
裯	2
橤	1
鑆	1
胵	6
迫	2042
襮	2
紱	24
獪	11
碪	40
喖	3
紽	1
緲	17
摣	41
埋	965
嵩	1081
祝	1014
拽	414
畵	35
縮	704
揈	19
樟	23
遭	3314
蕗	3
綽	340
弭	2609
嫛	4
蕪	213
咼	56
訂	109
塳	2
淵	1984
飈	100
迵	2
厶	42
疏	20019
鉠	4
柆	2
摟	18
迠	1
儌	8
莅	54
佗	198
憲	701
隻	693
荊	3227
└	457
人	399552
染	45444
堞	73
割	3403
旖	473
捺	3105
疅	5
襃	13
穤	1
秣	139
齵	10
韣	1
塖	4
炘	2
尉	841
嬰	1816
嫞	1
墦	6
蓉	241
ㄇ	204
汰	379
鱯	3
皅	14
痺	75
緝	296
云	331938
鬖	3
耬	14
甖	120
趍	91
俉	1
就	79767
儀	25321
盞	400
閧	7
擔	3367
溥	641
唼	337
仿	38
齕	28
劣	10619
哽	275
斂	872
漂	1840
滭	1
懁	3
輠	15
嶫	1
谷	3366
訏	3
醪	61
紖	18
繆	144
幬	20
貧	8722
併	880
忨	15
鋃	5
勵	1764
沲	2
璵	23
〦	331
噁	214
月	52824
彧	23
干	6595
輦	696
讋	23
鬴	4
駉	4
轀	16
曐	3
導	11132
厔	8
盼	23
漉	537
尛	10
敂	1
壞	41824
姧	59
蕓	4
洶	23
垠	58
隍	185
踺	2
閤	164
鈜	2
祑	22
紉	35
墓	515
聃	228
歟	842
唅	280
卜	871
糱	7
景	4310
燠	49
亂	20950
挗	1
巆	1
鮮	2092
巃	14
紈	30
鴟	168
曈	2
袒	1491
戼	4
颸	1
舞	2724
冤	1264
鱏	4
珤	11
燥	668
固	11643
栯	1
獞	1
諱	1143
葭	50
果	131795
枸	47
控	260
訴	281
僔	2
閶	36
塀	1
輭	17
蟴	3
虔	975
狊	1
銏	4
萎	753
惆	90
陂	517
然	114963
諀	16
鈂	8
壤	595
牻	19
推	7860
穼	2
凋	258
鄰	119
融	6464
插	434
許	21513
肧	7
鮫	27
膃	3
硾	5
姱	5
歷	7216
覡	30
鏚	6
哋	2
哀	7458
哺	328
嚮	555
啣	12
秢	2
迃	33
嗤	213
勜	1
胟	1
奲	1
衩	4
亦	308373
或	148765
瘃	6
瓽	1
佐	1360
旽	1
僂	271
彬	88
遾	2
𢭄	6
癤	42
湣	9
个	171
皁	29
洡	1
揖	549
苅	2
翣	6
衅	1
驆	1
淯	1
鞍	215
製	1615
裿	3
旡	22
漢	32728
准	8444
乞	17869
偃	813
扞	45
癭	165
籞	3
痟	155
賖	112
甜	795
妝	4
蓍	52
泃	2
癰	912
糠	489
墅	33
洒	398
珓	27
揀	2372
廗	37
躧	36
蹰	99
絆	180
養	57038
祼	10
洄	202
伹	18
盜	7769
溜	105
扜	5
咆	70
鈚	6
蚚	2
イ	1
蝲	1
惰	729
奎	318
陼	16
帊	48
愳	2
邕	280
淥	71
鎝	1
刦	8
蠾	1
灂	2
藂	72
僚	455
皵	20
蜾	24
恚	14917
覇	186
蕋	8
媱	5
旂	13
咹	1
鳹	1
鵬	153
椔	5
誻	1
稕	15
玊	3
唇	242
献	20
廎	1
允	981
粧	65
捐	2021
綫	129
麋	198
抒	174
阨	45
倚	2236
瘁	73
攩	5
惸	51
膿	1151
狚	4
忱	22
徯	5
慤	35
軁	10
顛	11572
春	5356
譼	1
蜒	82
帽	298
跌	158
傞	6
訹	7
輁	1
齲	78
膨	4
焱	40
罅	73
鷧	1
訡	2
箕	398
蕩	1919
鐵	8192
榠	5
蒀	7
賑	155
瀍	11
懽	35
輞	264
弍	4
拜	7999
晃	796
泮	1187
舓	20
躑	211
踀	2
蕆	2
蛐	2
艫	14
緍	6
翌	202
饔	16
畁	1
蠶	490
吳	4011
粼	4
棍	36
港	101
球	42
撲	744
毀	13152
餲	3
塚	1281
蛫	1
富	9916
險	2478
諎	2
掙	1
剿	8
訃	61
瓫	227
禑	5
忋	3
徬	9
斡	210
罎	2
乙	1498
贇	54
頵	54
暴	3641
綤	1
凹	112
久	24524
縞	36
唽	1
乹	4
髆	215
嗽	230
儡	30
咟	1
濎	7
垗	2
烱	23
呾	634
壕	12
嶃	2
赭	92
蘇	7570
紙	9183
讖	1441
紝	9
殰	1
共	63367
魘	45
卪	30
搱	1
兒	11293
矅	2
夵	1
頴	605
喆	61
崋	11
菛	9
渰	14
梢	134
隙	936
誑	6047
秤	583
蕕	45
介	629
豘	1
囹	152
濃	291
簜	5
趄	16
鋙	6
撑	34
嚋	1
妄	35467
刷	266
劌	2
鬢	245
咩	426
抧	180
炤	135
僎	1
莮	1
癨	3
驀	402
湘	484
揃	16
柅	50
≡	2
杳	277
崇	3996
籾	3
貰	167
讐	272
候	1286
綆	56
熺	2
杆	18
羯	16770
辱	6685
椄	6
堈	64
薏	15
耄	340
悵	341
池	9916
趁	360
欸	3
欪	1
總	41477
蜯	52
鞇	14
也	333766
算	2610
餼	46
腤	1
丼	15
捬	2
瓣	102
羊	4753
洌	7
霾	38
倜	57
畜	12288
矞	13
飤	81
阿	137623
鏖	3
襠	19
莿	17
檛	34
困	2449
癵	43
寗	84
絭	7
誼	768
茄	42
畠	2
睪	141
譶	2
醈	5
攞	2327
叢	2321
玳	25
撎	5
椐	7
頼	3
瞇	4
鑐	4
驉	37
湌	6
錥	8
旼	1
臲	4
痗	5
炁	28
膶	1
瑌	3
錯	4260
扺	1
蜂	948
榏	3
希	11437
綬	111
訅	2
趂	13
翅	2392
繠	3
廡	147
占	1685
操	988
癘	214
哬	2
炨	2
焰	9330
曩	6761
伈	3
殄	545
畕	4
獓	2
頌	32704
勽	1
腄	3
蒜	376
丶	2
嫪	19
枆	2
廉	553
逄	15
親	29779
焙	8
螼	7
朹	1
瀳	2
圉	27
「	345345
韒	9
虪	1
稵	2
覜	4
篇	5447
鐫	193
砌	256
名	407143
携	728
覯	40
粻	3
孎	7
賴	5458
崛	2208
鬪	5578
泆	211
呻	272
摞	6
堀	85
虫	3624
逍	416
黕	7
闌	319
樵	427
擾	2312
虎	6025
艨	1
摖	1
桵	5
谿	551
釿	47
獄	25395
圍	9084
貽	310
侄	20
胔	10
湛	2192
幹	723
唶	13
墯	22
耘	130
壍	132
蜲	1
嘙	58
永	20110
笱	27
掕	1
巏	2
拈	2256
艮	143
菓	1722
症	3
嗛	16
諦	70121
矱	3
遮	21578
髒	2
椺	1
倨	173
腒	3
骨	9264
灶	1
糪	1
筰	6
嫗	99
施	84978
鵞	43
鎣	83
炃	3
嬣	1
盦	1
袀	3
鵜	7
鯷	8
咭	12
媳	2
栻	5
挪	30
脉	72
娙	8
粰	4
麼	24243
駟	152
搶	61
姹	428
憱	1
楓	47
要	23453
阡	39
壎	2
嵔	1
抃	134
甊	9
軍	8879
鞏	106
煖	2590
亥	960
歬	2
隺	11
畤	7
淦	10
价	85
觜	250
瓛	24
睛	543
冓	58
瀟	68
鯤	58
榭	71
傉	24
岋	1
菆	16
惘	73
灑	4455
熔	2
呂	775
佚	139
匾	77
喂	2
燾	182
檦	6
誷	52
佔	7
川	2661
薐	1
業	131050
笈	1377
砊	1
崩	1892
籀	116
擏	3
偎	14
賜	4885
轡	248
橋	1448
唱	7194
胈	3
錕	2
訖	8758
蛖	1
咿	34
顫	77
阝	27
蠣	15
璒	1
麮	8
皱	1
驅	3307
徒	9630
彿	30
撆	1
度	57139
剅	2
歆	99
癲	327
指	30342
賃	166
柜	6
諻	6
慽	4
蘑	1
帩	2
笄	34
硯	100
航	319
殪	34
簹	6
水	62661
蟋	11
韻	2829
嘸	3
启	10
陴	17
瘦	1921
秸	26
嘅	11
鷙	70
腇	3
纚	7
朢	3
欚	9
糏	4
簋	11
駷	1
慟	418
悲	38760
房	11240
戾	982
饟	7
律	28421
飛	7058
蕖	75
圭	453
勘	1291
璟	170
籚	4
簐	2
豊	86
住	182890
涎	340
枯	3148
沃	592
獨	28804
佻	5
眤	32
槊	198
拊	304
伺	6097
蚋	162
杲	307
螑	1
除	59353
澀	59
癎	124
礡	1
蜮	7
徽	736
乩	5
倉	1046
館	607
殈	1
夆	53
鏝	16
眅	2
狂	5263
兼	9030
辣	196
糲	43
抳	1612
妌	1
蠎	3
艋	2
溹	1
玷	157
蛑	1
蓰	49
餐	422
媞	5
絡	1226
扛	15
蛺	21
炅	18
祔	10
笯	32
浪	2410
嶺	1731
慕	3743
拪	59
葑	10
躓	206
闚	134
頻	3840
衖	28
堉	2
菲	63
臡	61
捲	398
偱	9
獹	17
菎	1
滬	43
┐	194
滑	1798
隅	1538
賻	44
螡	1
懆	27
跣	161
喀	10
錠	219
穿	2552
畧	5
骹	7
巘	304
獩	1
纜	330
預	9434
恌	9
鈍	5335
轍	702
畒	12
噹	2
軾	135
廙	16
孥	76
脠	1
瘊	2
閛	4
貣	16
喱	4
璭	4
笣	1
轉	80731
磔	497
纊	127
膾	374
燸	114
卿	4888
敬	36516
荐	73
倇	1
皎	907
篲	74
跘	11
迹	9449
歃	23
熂	1
吃	406
趑	9
忠	2124
忪	58
䟦	44
歉	25
臱	3
乇	48
崕	16
窒	240
駰	5
穎	115
殢	4
捕	1243
胯	109
撟	52
材	698
鈸	84
─	1835
髭	243
吏	1298
檀	15369
螋	3
踒	4
安	86550
檜	76
頰	722
林	25266
！	212654
謝	5078
鼄	10
煣	1
豶	2
咥	104
鱢	3
懫	3
塋	51
踏	956
鉢	26859
矌	5
陷	1263
晷	105
廚	37
澈	116
潤	5691
鷽	1
擪	14
蟲	5603
淙	7
馵	3
薯	24
轕	4
嗬	1
抯	9
星	7570
傕	1
夥	30
㸕	2
誰	16904
跆	3
涬	9
健	3444
鈯	11
蔯	1
躄	593
噲	19
鬒	7
鞵	32
取	89242
飭	10
撰	5045
壙	129
楢	2
壑	589
滾	7
毘	39598
髐	2
媅	32
穠	6
朽	1568
鼃	22
巠	58
靠	90
芃	2
纂	555
破	56462
欖	7
鏧	1
湄	13
蟚	2
扃	98
裁	963
汸	3
提	131200
茠	4
輷	5
婓	12
蘅	13
觸	52753
單	5418
娟	32
祐	4973
摀	5
嵋	32
駑	59
縛	23695
彝	107
塗	9466
罠	14
莠	84
銮	1
毹	43
艀	2
嗶	2
停	3899
隮	4
箋	459
丮	37
饒	7744
腫	589
爼	100
簍	4
若	567384
祛	268
薭	1
棒	1502
浴	7278
印	32117
綂	7
爊	1
因	200919
徨	18
學	82260
鞬	31
鑼	18
蘸	28
譺	32
掉	2853
覿	274
勅	10326
午	1732
休	6094
婉	356
隈	78
翡	66
蓾	7
鳺	5
冥	8075
隌	4
闘	1
謫	280
碎	2442
夭	1168
呧	27
焜	57
羭	5
魈	9
葉	25605
偷	5867
濲	1
莢	71
熊	610
玓	6
紜	259
仜	1
誣	637
潔	3959
逼	5740
嵍	1
僄	6
囁	9
鷰	42
痑	5
檋	1
庚	1293
怦	2
儭	93
康	2840
由	112505
掛	691
觽	6
颺	224
譣	12
恐	14016
蟹	89
采	791
和	43610
迎	4911
猩	55
欗	2
猌	2
藞	6
藶	42
英	2674
槀	75
鎗	109
硂	2
賍	2
贆	1
秩	122
牦	1
葖	6
掝	4
掯	1
已	207227
恂	125
槧	30
鞣	5
耼	6
卡	13
他	93695
蔍	4
鷖	23
曇	16473
殦	3
嚇	75
缸	15
槈	1
節	11760
皇	7435
悸	127
炒	62
匹	1294
呃	10
賓	4204
饅	26
滹	10
懈	6517
倸	1
棩	17
軨	12
屋	3873
噫	257
醝	15
禽	1778
湊	432
滲	140
寸	2742
廓	1304
雱	7
惱	72249
躡	803
颱	65
橿	32
筈	69
跗	28
衰	5103
哧	16
杻	211
饍	536
錺	2
且	19017
葅	23
琉	3359
傻	2
位	46461
唄	598
甌	143
鯹	12
膓	155
爍	333
殮	105
柚	23
塲	2
塏	51
捀	1
鴑	1
狄	391
縧	3
貐	1
侳	3
潗	1
沄	2
袞	91
刻	1471
塶	1
畛	23
毿	38
攧	14
烶	1
嘽	1
榒	7
眭	7
芣	1
碙	1
茀	6
鋿	1
。	6362448
褓	65
鄩	2
謥	3
鏣	1
孑	100
爐	1934
泔	37
纖	1032
藹	223
昲	2
脚	6164
踟	107
連	11011
壜	34
离	234
較	792
硤	20
豷	4
澱	60
鷄	1034
祧	17
殊	34834
喻	32564
芨	2
鋐	6
刎	80
秉	1044
綗	1
宲	1
剌	791
際	26243
撝	160
《	13423
俕	2
搦	213
鷲	1545
稈	63
沖	340
焦	980
緾	18
伋	11
敓	1
獧	2
鉀	105
駒	341
痛	10316
毾	89
沜	20
湮	130
纏	8836
瞼	79
旈	1
瘣	2
瓈	138
障	40770
抲	6
吼	4667
婁	1728
琛	172
橝	32
沬	31
壢	1
闥	3164
蒵	12
髣	276
昢	2
鵷	12
隔	3779
殾	1
屖	3
竾	1
遼	637
㵵	1
複	674
貞	3106
毺	97
虦	1
翴	2
檏	4
沺	2
紓	12
媺	3
∴	1
贉	11
鍉	3
愿	58
峇	6
勸	17379
鍛	240
凧	1
謹	2636
卲	3
牡	122
犍	1645
昂	389
緦	13
虢	96
櫩	15
謖	1
奞	26
岸	8705
鄔	3634
碠	3
溶	16
癅	1
狽	50
菤	1
ㄆ	298
邳	31
耎	374
碾	81
靨	44
薶	15
葵	148
譆	4
盉	2
濚	2
鎧	1878
犮	138
糇	21
斠	19
鄶	14
豫	3151
窮	13927
軌	4803
忌	1327
飵	1
煎	882
蘿	328
賭	89
届	9
甽	3
戴	2459
椇	1
蔆	10
羞	1836
貌	6302
從	148225
滉	16
臸	5
塜	123
攉	31
菪	5
甹	30
凡	33992
攙	78
彡	79
綑	1
匙	258
獷	581
瘌	1
牣	15
衝	497
胼	11
州	19110
士	33177
禪	60475
櫨	88
瓢	277
妓	873
呬	2095
揕	6
圠	1
侫	69
鐓	7
灔	9
盃	121
榍	52
竄	364
勻	63
肎	1
遇	11231
双	28
淨	270604
萠	121
舋	93
叛	455
針	1952
濔	5
墒	1
嬼	2
楴	10
疋	897
聟	36
拍	958
葍	3
痰	327
隖	50
琹	1
揉	67
銨	1
櫪	49
扈	184
培	54
剗	198
茭	5
嶜	3
謶	4
熛	17
孫	3874
喊	7
繙	8
鞟	6
黌	14
飂	5
婐	1
攃	42
區	1224
襟	344
惎	2
鴉	130
椋	5
瀫	5
貶	450
悆	39
翩	98
姚	1479
豼	2
傫	1
腯	7
數	65405
樤	2
菐	37
彛	36
鐮	31
隕	143
苫	198
菸	19
徭	29
赶	6
暐	77
僫	8
籫	1
詔	6600
猘	45
喧	631
堦	50
幻	14715
惇	39
幆	1
摠	30
朵	178
嬋	8
梓	358
杝	3
畟	80
蠊	1
斦	5
跊	1
憝	7
泌	60
加	32320
瀾	221
鯉	100
綩	142
霫	4
蘭	8435
肂	1
催	336
毳	293
涯	918
晧	76
湆	3
銵	5
罫	6
舁	192
樣	497
騃	300
扤	1
暒	3
樂	134999
炱	10
剻	7
瑋	64
吞	1761
滫	2
惵	10
笭	3
愨	31
纔	2684
嚗	29
結	63036
蚖	270
誩	14
踔	45
趔	1
鳶	57
年	54826
販	665
鍕	10
楑	3
蟟	8
湝	2
莟	7
暝	133
斖	57
囚	717
咨	639
呲	8
鴙	2
醜	2770
限	6763
汱	5
擇	11667
鬥	13
逑	4
鋷	20
竛	21
駁	192
汋	6
汲	729
畚	5
劇	1052
瞿	9056
髕	7
膏	800
鱔	9
鉶	1
騤	1
譧	1
担	8
輹	1
螫	549
爭	2594
叟	367
罝	136
膠	764
皙	5
嵎	28
捋	146
鎑	2
黜	242
坯	42
馳	3853
諸	495445
渒	8
襪	205
濿	2
掫	10
岍	3
厽	9
盷	9
罔	1142
穢	12029
徊	219
椷	44
擉	2
赬	1
麟	759
袥	9
踦	52
簏	33
靃	22
碏	9
灬	35
姡	10
䴬	3
冉	288
慫	11
噡	1
伂	1
鎟	2
億	17845
詃	52
盲	4504
庰	13
溧	5
費	1032
苶	3
榶	3
奓	101
兆	1967
癹	430
媵	65
熨	59
仼	1
嵈	1
豈	22344
螟	88
蒂	31
棧	115
唏	152
譏	3138
鴨	269
歂	2
摜	12
獥	4
鑞	166
畯	17
甲	14777
晱	5
飯	8051
勇	9928
礨	1
攣	171
傍	5190
螾	15
紵	149
貺	82
桾	11
礣	4
裼	5
昤	2
甬	101
曙	84
蟁	24
塿	23
皮	7141
璲	6
洋	702
讆	1
閫	338
淖	35
強	8584
妍	354
筍	48
收	7656
籩	9
腱	1
羌	184
粢	14
楷	265
勹	63
燰	1
嶆	1
砐	5
鏡	7515
塢	297
錢	6436
堛	23
栚	1
忭	4
蛟	143
莝	22
譞	1
泛	692
郃	8
联	2
枴	2
广	101
膻	15
幊	1
獛	1
嶤	4
梛	4
巸	1
錀	1
拀	3
鼬	19
塬	1
蔲	15
憋	57
苟	1709
疷	2
螢	388
膘	2
梪	10
真	121452
庠	625
弈	231
昗	1
僮	550
仵	31
埛	2
粜	2
擯	2929
段	10784
〈	2151
齪	40
箊	3
黎	2282
痠	12
鶴	1145
丂	9
焳	2
櫺	66
綊	2
囋	13
膲	6
衷	172
脣	1038
龤	1
飜	133
攴	129
眣	4
翖	1
渼	1
晅	3
磉	17
棄	13815
杵	2489
蒱	212
亻	6
覻	70
△	115
戧	5
吱	55
動	39915
湯	3145
屯	356
颽	2
舵	21
祲	25
肉	13002
熠	71
晳	1
噞	20
嫚	18
綦	20
唫	11
璜	12
腴	111
搡	1
曝	304
榫	1
町	9
傀	50
暻	1
窳	69
襏	7
耏	3
鶹	115
腐	642
简	4
荷	2396
告	46774
鬳	2
釦	2
捵	1
臗	102
颿	11
樕	3
嘩	36
盠	1
硿	6
苽	118
瀱	3
鋤	166
鏍	10
皜	1
吟	860
虶	1
忿	4688
幛	1
鸇	34
鶼	2
蔞	28
ṛ	665
𦘺	1
冏	133
掣	533
減	13604
杂	6
聰	3919
瑩	957
膌	18
庖	162
麑	46
蹋	642
鮽	1
鴻	1325
煻	84
抦	9
椑	61
酥	3703
攫	132
興	18322
腿	40
緊	2656
嵛	1
徘	204
綃	28
鞹	6
逋	145
零	548
狛	6
覀	17
鵮	42
鎰	13
醘	10
激	821
五	225642
鵅	18
嵰	1
代	9658
俲	6
剎	31345
瑭	19
輝	947
宗	33502
展	7717
鑰	335
囟	142
纓	484
漳	213
榃	1
究	19562
芙	303
薙	77
郴	21
巧	14824
但	64607
厞	1
幣	102
逯	13
織	1819
澰	5
僜	9
济	1
頠	15
鎛	8
揵	3570
脰	16
軺	6
薥	1
硬	287
泗	243
舴	1
覈	489
蛬	9
鶊	5
昝	61
蝟	19
骽	9
蠑	11
閑	5347
儩	11
陖	15
黹	16
佼	10
瀯	1
燼	448
質	7362
竆	16
楝	18
案	6223
緂	141
礱	28
嚌	20
臥	11542
炊	221
還	50864
醭	31
思	88420
雁	768
錡	9
埦	1
胦	1
杈	29
式	12558
母	34601
鞚	12
獿	3
儁	39
鈷	133
椾	2
轟	93
撙	17
蝖	4
懣	74
讛	2
娶	822
韉	12
芡	7
瞤	66
斧	1150
剴	4
米	4014
窬	44
雨	17915
笵	9
繓	4
晹	3
華	70445
曎	1
箙	2
閭	320
騋	3
灼	594
棹	185
菉	90
鰥	59
愪	2
桍	2
漝	12
刼	6
肫	20
髮	9454
幙	5
掔	25
砟	2
栲	32
荗	1
砧	192
鄠	26
机	386
鷃	66
覷	256
汫	1
垛	85
袴	112
媛	21
巛	19
疽	300
罄	341
拙	754
撚	156
芻	24090
闛	5
馚	26
儵	50
腲	4
咏	71
泯	1906
縴	1
靦	37
繚	95
武	6384
勛	48
默	10786
咇	8
遯	95
棯	1
媌	1
表	19806
疵	256
桝	3
掀	114
望	16796
歎	24951
秆	11
睹	166
靮	1
肤	3
恖	7
缽	18
矄	1
俠	155
歡	29755
髗	4
猻	47
捶	681
琂	2
挃	80
珠	14366
烘	13
蚅	1
青	11571
鮪	14
襵	210
辯	16561
釐	519
涵	110
它	153
柹	29
鰨	2
墄	2
盖	60
軼	55
裌	5
鏕	18
 	62
嶨	1
諐	15
神	81167
獵	2383
桚	3
魡	2
馺	111
掠	580
程	615
珬	3
兕	127
鏸	1
策	2945
衮	24
惷	5
棙	54
跧	5
鼅	3
彴	24
璆	17
臨	8841
撫	1242
３	9
燓	1
却	11989
崏	1
醉	2504
譙	174
痾	165
將	34278
戭	1
朕	1119
耐	633
譵	5
翠	901
苔	123
菱	46
撗	42
咬	343
睨	58
儲	476
潟	7
礔	38
鵑	13
墢	4
符	3174
齏	9
萃	304
輕	17913
潧	2
漫	2320
婆	79609
脛	326
俱	64600
乂	285
爴	72
昅	4
楦	2
膢	13
饐	9
棚	161
坮	1
雞	1874
瞂	4
爗	1
婇	1491
絳	213
痴	56
爀	23
寞	435
判	5219
管	1539
旄	44
次	133209
鼽	8
穟	26
鵴	4
楜	1
碣	60
鷸	22
漊	2
鯀	22
祄	4
俈	10
貔	9
騣	36
睇	217
羃	25
瀞	7
成	200186
蜢	4
龖	2
裾	60
儈	11
縢	41
邦	860
篡	144
綖	526
詎	453
蹱	4
虍	112
瀅	44
瓪	1
髡	14
毆	28
猨	239
弼	352
昜	20
測	3914
坑	2375
臼	638
鎻	49
翼	2648
擼	1
壉	7
韵	13
犯	36027
井	2652
頦	29
韅	13
弖	1
范	489
∵	1
晝	6775
筴	30
忺	1
墌	24
卤	1
砢	16
城	35572
晥	2
償	853
繁	2602
递	17
煠	8
諽	2
偰	10
杙	254
醵	3
課	451
楖	42
頇	53
漬	510
循	1886
隷	2339
洉	1
熮	1
馘	17
赩	24
狢	20
缺	3668
“	303
診	69
笋	75
涇	140
从	24
渤	171
侍	8620
鷂	141
簛	2
拱	603
豩	10
陳	9563
贙	4
刵	42
獼	1685
澩	2
笢	2
矜	894
璅	34
卝	1
面	25407
胅	8
珼	3
愱	80
号	121
薀	42
齰	9
剪	782
豹	492
畮	5
籲	7
濺	79
痮	7
膫	8
鳥	10812
桴	129
飾	6663
西	30743
斫	2295
再	4091
毼	9
琲	5
莜	1
櫍	2
閎	23
鐎	8
憿	12
枱	1
鍧	6
禁	7931
潭	1223
郝	171
邸	285
開	43043
噓	325
鳿	5
寰	289
䕞	1
峍	2
觫	1
註	644
孛	469
ㄚ	39
輙	186
讒	387
⊙	5
致	16722
弥	1
爞	6
屴	1
掬	521
堅	20005
靜	46628
亡	8451
皴	96
灻	1
樗	69
噏	108
犒	8
濮	50
爬	59
…	1031
黽	127
珞	5610
現	166220
蝗	124
絜	56
翿	10
雜	24245
篩	100
暿	3
薕	2
擿	221
賷	20
鬾	1
賽	111
造	34579
滰	1
簑	11
杬	5
蹠	56
櫲	2
徧	156
鈴	1778
坳	25
賞	1409
舘	110
犧	139
蕘	36
坋	57
脊	712
摡	3
矰	30
啜	106
旤	1
剃	3443
橇	6
崅	1
損	12488
玿	3
寘	80
珸	1
徂	126
狐	2003
窅	45
嗨	21
珏	20
譟	48
皦	35
馟	1
琝	10
揎	6
矓	4
厃	3
佅	3
晚	1620
賈	2295
糝	164
葴	2
瑞	4596
瑚	776
氊	2
婚	572
傓	1
浼	13
扇	2631
訙	2
柝	30
圂	87
籺	1
熥	1
偯	2
箍	1
轔	16
硊	4
螽	54
敉	1
剋	1751
愷	140
冱	6
猇	1
蓈	1
ṇ	1812
鶽	1
洳	7
菇	1
攎	22
耴	22
脥	3
廅	40
噤	151
娉	331
𨇼	1
砍	1
鬵	5
俎	79
駝	781
寍	1
炲	1
脹	534
心	405783
鍔	25
玎	11
凍	410
堓	14
樹	38608
詪	6
爕	22
艗	1
絟	5
簉	46
矺	5
灩	7
–	4
鎡	76
氀	173
夒	90
突	7238
諥	1
熝	3
珣	104
怡	1545
嗴	2
詠	1356
袛	1
洩	120
岥	9
嫕	1
葩	87
瀣	10
肜	9
丟	1
嚶	29
搐	5
眘	7
癆	1
琪	17
耵	6
煢	75
乳	7866
魂	891
磨	20150
顗	474
屢	1058
冫	25
智	281021
傺	4
侀	2
螷	1
噰	2
憷	2
仛	7
徵	5248
緇	893
燋	980
蹇	280
撢	12
緫	5
變	39457
岡	198
弃	61
嚫	453
個	105
翰	665
悳	13
繂	6
鷍	1
摵	29
糙	2
礰	51
絞	316
軱	1
傔	7
箑	1
蚮	1
遆	15
騅	10
蟞	4
礴	40
綷	4
訔	1
亳	53
肩	3706
鷁	21
速	15783
篰	1
喿	156
莖	2418
苬	1
娩	24
鞦	28
甘	8930
夢	15219
蝩	13
鱓	37
倈	7
牖	558
趒	42
詐	2098
縝	27
悼	402
皛	7
店	286
稟	3012
婫	8
古	19265
覶	19
帞	2
鐍	6
蚊	943
梁	6056
嗍	26
鮥	1
辮	54
蚉	12
墾	186
騎	1433
筲	7
螚	2
磓	23
忧	1
婦	9710
覦	21
庡	4
痳	12
肈	2
貍	82
槷	2
殉	165
喎	36
爚	34
遑	339
皈	6
偁	19
葁	1
”	286
偆	2
袝	5
陛	1518
絁	33
甓	34
雒	274
韑	20
蔧	1
榮	3132
衙	113
哞	11
諢	3
穈	6
謉	4
足	89186
諯	1
汶	30
褰	213
匽	18
筅	1
如	775751
蜹	34
遺	6827
糾	61
妙	71635
櫋	4
憾	413
歗	6
疸	5
鏊	66
礠	27
蝸	112
珆	1
懦	40
闇	7567
揙	6
鈹	25
維	6639
屲	1
渃	1
蠛	19
禬	10
楯	906
詈	848
逭	28
紐	562
瑛	72
摧	4502
喜	68798
柤	18
軰	12
Ś	10
蝙	69
居	35415
呢	49
鷯	24
帟	3
苤	1
雉	519
山	63631
匼	2
砏	1
墠	48
崆	28
汜	8
刊	699
狗	2968
閹	104
吔	14
圬	23
混	1258
漲	193
蚴	1
敦	672
咱	3
隘	356
犭	4
巉	47
惹	3227
髴	271
鄖	14
樺	138
洰	2
薳	19
慺	30
漠	317
懢	3
嬛	4
舼	1
蹹	83
誌	686
倃	1
靘	14
暭	3
穛	6
脒	3
嗷	55
爹	115
陟	746
莤	1
端	13250
擡	210
緷	1
溤	1
彎	165
頹	435
寵	485
浙	343
宁	74
絴	1
沌	127
儼	906
紃	10
膳	635
博	5463
銛	130
訊	2701
蛂	1
菊	114
愶	50
措	465
糉	4
槖	52
駔	10
箠	34
媥	2
讙	63
慯	2
馬	16189
㽿	1
犴	58
貎	2
毐	1
徤	15
褉	2
蓫	2
唐	11052
禠	3
緹	47
愊	15
蔥	44
抉	152
袓	2
憟	1
剚	7
〣	15
遁	720
忮	19
碊	1
吹	4189
抵	755
鰕	42
絯	1
予	1236
衿	137
泝	89
闉	36
椻	2
濼	21
朚	2
趥	1
榱	40
邶	4
祠	2336
縲	49
撩	157
諼	3
喇	513
瞽	313
姁	2
樛	14
緗	39
瑤	488
臋	13
虜	380
酋	225
蔫	34
龥	1
續	18357
搠	1
宦	158
䴵	68
璠	21
珊	1117
卌	2
癉	12
滀	3
媽	9
蘥	13
摼	1
觱	7
孺	171
劈	393
熒	237
癩	688
整	2126
駛	450
瓠	204
叵	1001
坶	1
狙	82
礓	42
帆	220
嗐	4
躒	2
旰	24
劒	191
栒	1
滼	4
喈	20
慚	7936
鋜	10
懶	617
夕	2713
橻	2
散	27331
蓻	25
茫	783
惕	232
懠	6
鰐	15
跲	3
蠇	1
苡	11
冀	1468
椧	1
多	192449
√	2
觠	4
義	180804
覢	7
行	409301
很	76
鷳	3
タ	1
有	922558
矚	392
蚕	4
┴	73
酈	12
逕	579
申	6234
醁	1
黲	22
蝨	89
詢	643
犂	19
踲	3
惺	495
玡	1
虗	21
齁	14
仳	41
制	16402
欽	1866
噊	1
攈	5
辥	5
鼯	14
阸	16
叔	1343
秋	4588
稍	2509
既	53501
渙	86
腎	334
苖	2
嵼	1
屈	7206
翜	6
丘	128623
輿	1304
憑	1929
吡	5
鬃	3
堄	59
燔	97
刢	5
範	1655
楾	1
瑣	275
命	59060
蓁	15
餺	7
璃	5001
某	14658
璈	1
闆	1
咗	1
則	122335
訟	1717
枹	35
渴	5803
漈	3
寄	5565
抂	285
鏨	34
挖	7
腸	876
耆	6885
禧	121
桐	241
乑	16
込	1
樁	54
兌	75
疹	120
厷	11
僓	2
戰	4091
樠	5
洫	43
辞	26
含	18815
髿	1
蚳	19
愭	3
沿	333
裹	1428
蕜	4
唉	7
獎	510
冸	1
瑬	1
蜸	1
鞂	1
惑	26636
縰	2
咺	8
鴚	7
曰	234800
第	227995
蠯	1
羓	2
深	60468
箂	2
麦	2
惧	2
磁	163
祆	23
誳	4
嘚	47
芑	5
簶	3
己	17380
黳	12
脽	5
賊	10006
媮	24
煉	201
孏	1
旹	44
盔	16
鷞	5
曳	3603
描	36
笘	6
雕	443
蓴	4
鱉	101
懜	4
蠅	611
爛	2738
斿	9
茻	4
鈻	1
獠	55
蕳	38
溆	2
頳	9
篤	1510
筱	1
俹	15
垘	5
嶢	20
隼	44
□	2364
赤	8219
桅	4
綈	18
勭	1
㾗	8
芏	1
滕	104
疾	17251
溰	1
贖	477
郎	2067
礚	12
綘	5
芒	286
丩	4
踝	270
諈	3
歰	50
翥	89
蝳	2
鎦	2
綣	32
鄽	52
仌	5
觿	5
恇	21
都	17724
洏	5
恫	7
睷	1
饎	1
晊	2
莬	12
瞠	47
嵁	5
颰	468
羱	2
岠	21
胛	48
廿	227
陻	7
憶	12169
址	94
嶪	7
怯	1856
宛	1804
罿	8
蹩	3
渠	2051
墜	2212
櫝	10
簞	65
慎	2749
宬	27
蓌	5
馴	187
烸	1
闐	771
脯	205
瀏	26
鋘	5
錔	8
宂	8
ś	2098
懞	42
赦	688
篳	18
醶	1
惉	4
腂	9
暑	861
沽	193
沛	224
屵	16
奻	1
堯	908
琄	1
仞	539
倍	6273
髤	1
楸	34
拇	562
鍋	71
鱧	5
槍	272
眸	151
瑨	3
甯	63
杪	73
莂	391
薨	305
钁	176
愈	3136
賀	8728
銓	245
尟	11
核	241
殕	4
飆	11
炆	3
剔	275
踣	65
鉺	8
趢	2
齚	30
橈	51
牴	34
肒	2
磣	78
齩	143
釙	1
皺	399
棎	1
蟥	21
羶	165
哭	2744
矒	20
鋈	9
賁	209
恎	2
惄	15
切	310328
齠	48
浦	346
須	70726
毒	16082
章	11905
畓	1
夗	137
逝	5425
叀	13
煇	51
垽	20
斸	58
鍭	6
〔	422
軒	661
堠	9
徛	2
惽	44
兖	140
讎	636
樍	1
霂	9
嘟	3
躊	137
韁	57
脇	1787
蓗	1
鯁	49
楶	6
閙	554
岩	345
璽	200
毓	72
懚	1
珂	699
扶	2774
鋩	69
擅	371
楥	5
嶴	2
闑	35
媯	23
寒	6004
蠩	8
咶	9
騁	405
倁	2
卻	20
歌	5171
嶾	1
矝	31
妲	13
烔	56
瑦	21
骸	944
坃	3
譩	2
蘞	2
暹	186
蟰	3
潯	97
┤	135
卯	968
蜍	16
竇	1399
屾	12
悋	1928
栓	30
睱	10
弢	2
檊	6
祚	759
躁	899
訦	1
求	76484
孱	76
涮	1
陑	6
蓖	16
聇	1
頗	8012
苰	4
獰	51
所	610013
凊	5
螣	18
ウ	1
捇	10
袜	26
狥	45
梮	2
線	1545
彌	37146
梏	179
甄	516
粟	909
壥	2
恥	2868
驍	109
臛	99
蹀	39
藏	65726
救	13749
？	217946
亘	664
枙	30
呌	35
舊	12027
瀃	2
秝	30
助	10062
屓	19
惓	707
莆	29
精	43154
冴	1
黭	5
係	9761
僭	140
彐	1
鈾	2
豔	70
飀	3
翹	658
恆	30
伅	144
狁	55
末	18407
膋	7
敳	1
銕	76
煨	197
懼	4496
硈	1
眦	23
念	142330
鄮	89
櫚	44
挍	1368
杞	60
緌	13
擂	1
淅	51
呠	2
廧	13
捭	34
昕	62
箷	3
髂	18
蔦	8
瘑	10
踼	2
蹈	1222
嚜	5
礬	21
竊	2177
苦	125482
劮	10
喬	754
羸	2697
妐	38
嫌	3994
摬	1
錆	2
壽	31882
俐	11
黏	167
澑	2
谹	4
疣	307
巹	2
厖	22
鋑	17
騖	125
枕	965
嫺	1
稜	344
檳	45
卄	1164
狻	27
呫	43
嶋	11
矗	18
聮	1
妾	762
丞	770
崿	46
息	25691
斳	1
趯	39
濖	3
岭	1
繼	2308
掆	2
侵	3132
絢	67
戀	2171
匏	37
芁	1
餚	417
攽	1
俛	204
燷	2
櫱	99
摒	50
蹵	15
鶂	8
礩	4
遃	1
假	30242
幟	639
鞀	6
夏	6951
榲	1
訒	15
禆	13
猳	31
票	161
侖	42
藮	11
械	414
粲	245
雖	66807
勑	80
韀	16
劘	3
嗘	32
蝦	385
隊	247
呱	9
ō	3
蠍	177
裳	769
杍	1
匍	139
檑	4
蕟	4
馩	2
疀	2
稽	5464
噥	4
弝	20
峭	191
橢	3
韔	1
盻	99
迨	167
奧	1387
蕢	14
花	26526
濱	283
暉	1043
痲	10
槳	4
殗	1
朝	8628
氍	269
鐘	1088
瀉	476
傭	533
蜫	91
朾	9
訿	11
蛘	44
筷	5
篝	3
罭	3
鵲	290
篧	4
適	6783
梯	891
霑	628
傝	1
擳	2
烞	1
隨	136087
槾	11
蟬	191
褭	40
簁	60
吧	22
穨	16
樴	23
庌	23
挨	78
骰	20
蔡	472
譋	1
幝	1
癒	13
蚇	11
７	6
彭	612
蝕	510
螓	2
抬	8
獶	11
蚍	31
嶚	2
仐	1
您	5
窖	79
囙	2
禔	6
滶	2
昧	43438
罻	6
黟	8
輾	69
斀	4
訢	35
怙	1303
楠	14
洀	1
職	976
礪	147
慲	3
喰	48
柞	26
嘧	2
唘	1
隣	3766
豢	34
伃	1
駢	149
蹍	11
貼	220
斟	388
噱	22
酅	2
帔	170
鰌	6
；	192239
邑	5084
對	50411
醮	141
淛	37
罃	14
茱	47
澤	3783
窠	416
蹝	1
朖	1
濅	4
莵	2
礁	1
譸	31
荃	21
駏	39
括	908
徙	815
磲	145
鎢	10
哻	3
銊	1
啶	3
獸	5027
勒	11037
蹎	43
戺	3
下	183996
拴	6
氷	1692
﨟	14
枷	612
磤	5
濟	10863
酕	1
仆	245
鼻	22701
馗	35
棪	1
搽	15
麌	112
諷	1885
志	21042
龕	824
靸	12
諲	49
遄	75
緥	3
犛	168
瞾	4
囷	35
狘	1
庸	954
邾	14
佂	5
）	4562
垚	1
瘷	1
鱞	10
糸	1220
終	40856
抝	27
扅	1
廊	439
配	2266
寁	1
巵	28
攡	16
睟	38
鞕	165
攊	83
甞	2791
朂	4
緩	1582
籋	2
葡	82
炬	2248
棭	11
麥	2376
汪	274
內	65357
靫	4
箞	1
枵	17
歪	3
頤	240
薤	80
螳	19
蛛	83
亝	2
湵	1
蹡	12
懹	1
騌	2
瞶	26
蝱	27
眾	278320
梬	1
憎	3589
楛	5
洨	1
狶	10
蜘	55
諔	3
僉	746
湳	1
搕	18
舃	18
湜	35
捄	53
媚	485
倴	2
髖	78
嘔	174
葱	559
盅	3
訥	1250
賒	671
縚	31
瑎	7
疢	4
祁	286
鑹	19
悌	166
裙	404
鉞	275
謭	2
榴	194
款	8765
鉌	1
俻	2
傜	12
譂	1
罽	1831
ㄓ	18
東	23731
縓	12
箭	4377
忘	13029
鍤	31
リ	1
猥	416
圾	2
夃	1
姒	51
詗	1
箏	98
听	9
浣	1658
沔	55
枑	2
屬	28858
蚛	1
惃	4
窱	2
至	225570
溯	3
鍓	1
爁	1
虅	20
顙	223
籢	10
銣	1
鍬	99
蛾	239
鬊	3
視	9739
醨	23
囄	63
色	182479
幔	268
糩	82
賫	16
琦	237
你	13
欥	2
鴿	751
繝	1
愁	6631
冰	48
輈	29
鈭	2
僸	4
痿	100
／	5
撨	6
卓	1532
嫐	1
暱	36
礹	2
嘺	5
頡	1828
蒟	5
郈	3
繞	6055
薢	1
廈	73
嬈	1663
釜	689
泚	64
旴	10
曖	53
分	188223
蕠	3
毌	33
貸	254
ハ	2
魅	1498
歈	1
豆	2562
玁	28
鵡	752
鶯	63
繖	178
韤	4
檒	1
盪	227
譎	100
沈	6228
冂	47
峴	71
象	16233
敵	3360
鐩	6
刳	189
縱	8184
日	103531
餅	1421
韥	1
珎	5
摶	923
滻	17
膗	6
燂	11
謄	15
孴	1
卍	79
紭	1
笠	141
騄	7
ホ	1
臏	52
椓	11
疒	319
鞻	1
矇	116
竟	48903
蒦	40
苹	4
ㄟ	5
聐	2
腠	27
詌	2
源	5441
蘆	792
履	4284
磒	2
探	995
盈	2517
蠧	107
錏	3
捩	189
來	264686
鋄	3
爟	11
笊	12
杀	1
皆	173664
砕	1
霙	1
眷	12519
囓	100
昡	1
器	15739
挈	186
忙	742
竮	22
廌	46
嘲	184
頟	39
修	172059
觓	1
盵	1
鴹	7
杛	1
鏟	68
跂	65
唳	36
箴	192
搓	56
釰	130
可	201650
戶	4168
嗞	11
盡	90157
尀	11
薲	1
土	48169
祟	53
絀	14
寐	1109
拘	9567
驚	8205
棆	3
贐	10
鯇	1
柕	3
仕	539
貤	3
洊	14
譊	31
姙	60
寔	664
秬	10
考	5972
癡	24970
惙	105
漆	497
值	6099
遐	1009
凶	1860
陰	27039
睧	3
餁	4
挩	4
飪	3
葸	10
咞	1
繭	249
吽	5235
姥	352
泇	1
故	763482
遨	90
羺	132
杌	424
虱	276
捅	6
驢	1839
赧	540
講	8086
妃	1975
孽	574
鍠	39
攤	12
紹	2231
嚩	22702
玻	252
海	39126
拑	2
螕	9
磹	3
箔	24
剠	17
馰	1
傘	803
曭	2
苃	7
搒	38
蘪	5
敔	6
梐	83
紆	194
驟	269
鶱	1
囌	9
悔	18709
屨	156
柲	6
序	8673
匝	5361
噣	4
莉	1
蛀	5
秡	7
斮	24
胄	226
鬀	47
敏	1141
留	11959
聶	538
樢	5
凄	57
屺	33
岪	1
師	155118
怛	11152
騐	2
微	35847
鞞	2865
佑	77
傳	24682
邊	50643
軫	598
礕	3
飣	23
优	3
纑	12
檖	3
爥	15
○	4134
鬟	9
簡	10356
崈	1
│	661
柰	969
啾	110
痶	15
蟊	15
癇	8
ø	2
顰	285
灤	9
訯	1
埠	56
耀	2289
●	5
耒	271
恢	430
憣	27
貁	13
宜	13882
賄	190
毋	159
聯	368
艧	7
衍	3556
鬬	5
霩	2
婬	9421
揲	139
螵	6
蛹	8
鈛	1
獾	3
笒	3
駇	1
赮	1
砲	6
薧	1
胎	8403
枅	34
函	1258
霿	2
錣	2
裏	5817
赨	1
槿	17
豭	4
牙	4277
仟	1
餤	2
伻	6
血	6538
遣	14928
藍	4445
捻	1110
編	2902
佮	4
郡	2844
艚	5
錚	15
佶	40
曼	9794
鬨	23
餖	5
晄	6
＝	8
断	3
蹕	67
茆	59
榸	14
脮	5
匵	6
屁	5
歹	221
鐲	11
愕	459
耮	2
敫	128
撥	2183
嘂	4
狧	6
兩	31297
窘	69
霹	486
熹	28
驕	304
阬	62
鬆	6
挭	2
篸	22
哢	36
儃	2
巚	3
朅	182
瑫	54
圜	213
灞	26
綶	7
鹹	593
迴	25174
碨	2
召	5466
晏	403
挱	19
笏	103
嬬	1
牛	16268
琳	2002
畝	264
市	2711
壟	74
攱	6
做	510
竉	11
鉄	3
潁	33
紛	1528
桂	538
坱	4
嗥	4
植	1741
些	569
柄	505
罩	205
尺	4238
迈	1
蛤	168
卩	42
條	11988
犦	2
偑	1
淼	33
饘	6
昆	581
鞈	3
炮	93
盂	574
汨	9
遬	51
爾	121077
鶗	3
氘	7
嬭	359
馱	7969
檞	1
韡	1
眧	1
槉	5
暵	1
芘	6
填	1123
鵒	122
悚	466
蓽	117
裝	656
街	1123
抍	8
靄	103
顉	8
謲	2
蓃	4
傲	730
僰	4
達	35675
欏	8
友	9610
嘶	180
鳫	2
尢	79
郇	7
踁	7
萳	1
酺	5
犉	5
寡	1168
珥	42
薜	539
絛	144
渜	17
芠	1
鞠	239
瞷	6
寺	30543
輩	5399
透	1147
杯	250
葆	55
霞	823
茦	7
矍	50
斵	107
胤	455
揍	3
烖	7
鼛	6
鵝	1062
裰	31
兢	267
麚	37
螶	6
噠	49
愛	60387
跀	4
尬	7
栳	13
䅜	1
佳	479
网	157
檇	15
鴺	2
彥	1010
𨲔	1
墐	2
峞	3
凴	4
鼞	1
囂	204
糤	4
絇	7
橦	12
璫	362
諕	19
橃	29
愜	255
𧀹	3
彊	494
鋦	5
乾	9505
衣	62247
鈧	3
蛦	3
呵	13595
胺	5
閝	1
腷	9
眵	93
癊	223
埤	681
迻	8
李	3438
羣	71
嫯	3
君	8296
厭	18085
膺	629
跎	26
溲	29
箜	398
皭	12
匋	20
覹	1
洷	1
邅	28
澼	5
烏	5806
琣	1
籌	2298
謐	167
炰	6
畾	32
桿	11
荽	28
募	420
閒	299
桀	275
葼	7
崷	2
灺	3
侃	123
白	79146
衹	1
鞭	1143
倡	525
虋	2
籗	1
納	5507
鱷	5
術	5441
茶	3991
獖	1
逎	1
滔	264
猗	1676
┌	245
虻	463
敻	106
屏	2069
天	200641
苑	2834
像	27097
椒	226
勠	36
繒	1563
甚	39228
瞖	368
皠	3
雍	681
縕	47
抓	103
擮	3
去	91103
鬈	1
黮	77
牲	133
驘	2
暕	32
彈	2974
剥	1
鉡	4
甕	395
屍	2929
錤	3
騩	2
貏	3
眴	507
矻	39
黍	295
理	74999
閴	61
韹	15
秪	42
隹	391
諏	14
嵊	5
閟	63
熀	1
廛	189
脙	2
奪	6599
弩	554
罋	1
燒	17760
岴	6
膰	3
齋	6099
穡	223
唬	175
四	323249
衡	1277
邂	67
暅	19
麆	2
尓	13
劭	79
剡	527
捌	2
搫	2
嘈	32
凾	91
里	14523
箱	345
眙	7
火	41809
挒	3
毤	1
竀	2
钃	2
祺	14
紲	52
曜	4199
飊	4
鋎	1
鱠	34
餗	8
躙	3
偏	10462
噷	1
逐	5956
籧	20
蔣	286
塘	389
埵	5518
荵	1
詷	9
儓	9
蘘	43
褐	323
圿	9
襁	67
塼	379
橄	3
嶭	14
背	7770
福	46786
遛	11
惔	135
蓧	3
濛	138
旲	29
災	6275
粔	4
鐶	261
洵	10
稬	1
扚	2
改	6956
攚	1
鰓	24
瘵	66
鸀	3
慬	1
伱	1
缻	2
忡	25
疙	57
║	42
鎔	457
圓	43649
懋	83
噯	4
洂	1
憹	40
疔	16
偈	38288
凞	29
傱	1
鑕	4
姞	46
笐	30
品	58000
抴	40
邱	136
椅	42
薆	13
漱	651
砮	6
圀	6
畷	8
侚	31
囱	11
俊	923
恧	120
撐	73
燶	1
易	16865
■	10
慄	302
暘	27
湎	124
橧	9
崯	1
鬩	4
覊	67
齴	1
攠	5
欀	17
韛	45
蹸	2
５	7
郯	16
倒	20307
粵	93
鐖	1
鈝	1
瞌	74
芤	1
萸	82
扁	190
虵	191
胞	650
魎	206
看	8235
嘊	25
鉗	429
艊	3
梇	1
淢	1
躐	14
枛	5
餞	60
澓	190
蕃	437
逌	5
隲	13
卐	21
緧	2
糺	124
茇	80
椵	2
扑	27
齷	22
稱	39896
溼	125
忂	1
愉	113
堨	17
篏	1
狫	1
以	488509
㤿	3
猱	67
痏	40
尅	61
炙	1188
蘃	13
剏	163
佒	1
覼	19
窀	15
跈	7
澇	124
碈	2
櫳	32
鐱	18
咀	366
病	39277
奯	38
迯	16
痹	11
濤	430
灭	1
䪨	2
襆	78
鞶	5
副	684
煅	23
哠	1
蓄	239
嬉	746
冼	5
颶	7
鐯	2
湷	1
瞹	6
嗗	12
齧	545
認	939
尤	1592
淲	3
用	96610
躅	200
瞱	4
櫃	68
貫	2777
欂	9
競	2736
洙	35
奢	4581
翀	1
檣	18
娣	12
蜼	13
柶	2
胒	7
蛙	108
踜	1
這	4072
陵	4878
蒿	121
懎	12
虛	56003
半	20861
秏	59
椚	2
鍾	1484
匇	6
嘳	1
揑	233
巂	11
罧	1
庵	1400
瞭	11
子	216642
蜜	93632
崒	9
綝	8
扥	2
泂	1
瀲	27
霮	2
榔	48
檲	1
蘡	17
魵	1
妉	23
陊	13
臄	1
伉	48
鸂	2
妤	21
滂	132
惈	7
瓳	8
遶	6465
鈇	71
鐃	83
棫	2
鞮	115
旁	1233
膇	9
莞	58
稊	95
澾	5
忼	17
生	607876
婸	2
泳	420
璩	699
釧	627
濁	6410
撞	333
誥	500
豙	6
翨	6
霧	1021
氓	56
弜	7
暫	5525
踵	416
訣	415
謚	131
小	51624
虧	1432
厜	2
黑	10693
蝓	13
諂	3429
宍	28
崺	5
庘	6
嘒	3
湟	10
襲	614
蕝	8
逶	77
擸	6
辭	9756
琱	4
龝	1
偣	1
屼	15
巔	90
癗	10
蟜	4
蹺	11
拋	365
蟡	3
珍	6932
㊀	1
搖	2998
仗	1773
崔	623
摭	139
眕	2
廂	287
龍	33742
躚	1
襷	1
鼚	1
毈	6
暢	2591
闋	35
蹁	5
宇	2281
裟	2840
慸	4
好	29354
屎	1153
鯨	194
繢	159
椗	4
穇	2
禇	26
煚	3
韆	9
慞	219
窐	4
踃	1
蕑	1
甒	3
流	47897
臝	10
丣	26
脺	3
掐	97
霠	2
鑌	65
鳱	2
ḹ	4
籹	2
汒	1
于	15673
邛	12
謏	17
慇	1608
稅	1099
夾	1170
慳	5953
蔾	15
抏	9
碯	176
絏	14
鏑	50
繽	183
草	15114
轄	68
癸	1041
窣	2098
往	52245
笙	111
梠	46
垂	7192
鏤	371
框	11
蜣	130
燿	227
箛	1
麧	5
僶	41
欲	178129
腑	114
芊	9
嗔	2116
匶	1
穜	1
吒	11048
各	56055
吺	2
蕀	81
𦊰	2
阼	5
嚴	55528
嗾	1
陀	84194
獬	7
‧	96
籕	1
　	787326
譓	1
摍	3
鍐	13
堝	3
療	1789
詿	16
轓	3
止	42242
伎	3666
昭	2264
挽	928
畔	1147
溔	1
伷	4
碁	103
咋	54
誤	3836
蟖	3
蟣	132
䜆	1
ḍ	499
睙	1
貈	12
爽	861
弁	105
饋	103
幌	16
記	41054
群	13605
裸	1224
酬	2111
罰	2276
上	249471
體	85112
麕	34
螻	108
戇	151
峛	5
曮	4
羽	2130
扙	1
蠕	434
綢	55
聒	90
畣	2
属	13
姄	1
胿	1
崫	3
啟	4471
揥	31
秧	3
鄭	2903
憼	3
逜	2
拺	5
隧	26
茹	256
黁	2
筩	129
珙	21
灟	5
抙	3
烕	3
濂	29
秭	16
拮	9
縗	43
俏	7
璀	56
氛	192
淒	28
愓	13
挋	5
筣	4
桔	22
嘠	29
ㄠ	156
豍	18
枮	26
嶁	12
昵	298
捆	3
矬	114
悒	234
革	3062
飩	10
晁	75
駐	262
盆	996
栙	1
暯	13
懷	13835
雹	758
橫	7233
磅	16
昫	13
桯	4
酗	15
財	23963
鞴	56
皂	254
礘	3
陔	6
鉤	3477
輄	6
簰	2
菑	16
墤	5
揔	2
揭	2097
籙	140
楔	221
蘼	7
俙	58
餕	8
燉	179
罗	4
枓	13
釋	120022
纇	20
菽	171
售	137
楟	12
陘	4
鐒	1
骿	1
輥	84
菕	1
茵	132
嬚	2
異	111579
仝	8
醼	23
祗	194
蕶	1
罳	4
享	9229
𢾭	1
緰	12
藜	64
祇	17525
綱	1550
憐	3857
叜	44
ヲ	1
貿	891
婃	1
韶	688
意	163884
螏	3
刧	12
袊	3
偩	1
搘	38
匜	4
庣	1
蚤	244
鰈	3
憧	103
泍	1
昨	1202
娜	3505
付	6522
冽	21
蔽	3524
倭	71
寚	1
殸	27
怎	58
梔	15
鞿	2
翏	63
毛	14406
溱	1
魁	389
空	209499
齒	4091
檟	6
咧	5
獋	3
涖	10
籓	4
霏	88
萹	2
敷	8002
蒖	1
窋	18
踞	668
迊	17
驖	1
伾	1
鍎	1
愲	1
灈	1
簗	2
劼	3
疇	294
姼	4
豓	12
噩	12
輟	505
鄂	137
灨	3
過	93428
澘	22
毱	763
悺	1
娛	2784
鼷	51
撖	1
傃	7
緉	20
慰	3401
鎐	1
琢	230
嶧	9
菫	3
堤	256
郤	37
鮓	10
譇	21
栰	238
蓞	6
雌	548
燦	88
蒨	111
髾	5
桼	34
啀	23
遢	1
吅	30
昏	2380
嬐	2
巢	925
木	21689
垝	3
褋	15
簙	7
蟺	18
瘜	24
玩	499
棏	17
蛩	30
腔	41
左	16267
鳳	1218
托	354
萑	2
璌	1
奉	27051
倩	267
佽	4
鎽	5
灵	1
阱	50
藎	4
鞜	4
霈	103
蜀	1205
郊	524
鰭	1
体	6
襈	3
謿	28
戽	21
啫	16
亞	287
僝	10
煼	20
迄	470
棲	1050
盌	79
詺	366
焚	3296
徝	1
軎	13
狴	16
鵙	10
醅	4
乍	862
茲	3798
摸	1009
溺	1854
麩	185
檗	410
暪	4
圮	72
枝	6579
峩	23
栀	1
漴	1
闟	2
兮	1859
確	326
籭	2
【	1497
覆	25016
戡	41
繰	11
蜃	42
饞	9
迦	71142
畎	25
丱	104
澒	21
殖	1294
屒	3
鏶	7
根	121220
捎	20
慠	143
禾	2224
矼	2
禮	40568
仂	14
侽	7
齽	3
韱	56
甥	253
輔	2588
著	73072
秥	3
素	6157
油	4247
搋	207
糗	11
呷	20
勾	279
霜	1595
醱	1
剟	17
刓	21
匱	861
羾	3
黃	12115
埽	18
来	3
蔋	1
鷪	3
茙	1
蒷	1
鶤	8
枎	9
嚑	4
墇	1
句	64796
蚿	7
姪	842
甦	96
閦	1204
敲	651
碝	6
諤	35
窓	780
澆	814
新	13752
誗	1
芟	83
淄	113
裲	1
愂	6
藟	27
郗	97
霅	76
侘	171
梭	96
靺	141
縙	3
䠰	1
睍	11
弰	9
桄	158
瞀	23
郜	5
雐	9
屧	26
黊	3
嚘	10
澿	2
俞	300
臬	94
匈	132
榎	3
爿	156
丈	9259
婞	2
摐	21
垍	2
蠹	55
剙	3
孨	10
號	18783
瀆	282
覓	3638
苢	1
懍	89
負	5163
傎	30
劁	2
涗	2
披	2653
岑	222
苨	23
妭	5
嚷	11
壷	2
皐	110
猲	8
憭	14
宓	9
臐	2
貆	2
砙	1
敧	45
替	1043
哯	8
蒙	5551
俺	14
吋	4
載	6343
欓	9
崚	2
胱	24
餌	366
茜	33
燩	2
淫	922
旦	4169
懸	4018
悾	3
蝣	28
逖	57
羍	25
麏	16
殹	75
耙	10
昀	4
贔	10
犲	96
睦	336
狌	45
絖	5
鯈	6
搣	27
僤	2
冷	3308
軸	797
酎	2
鐥	1
滊	1
勍	66
蹮	4
譫	24
詀	22
梙	5
顄	6
侓	1
尼	84187
縘	1
鎞	21
葠	5
麿	3
烊	32
陸	2178
沅	19
纆	6
偪	55
鉻	3
拿	5
府	3049
潸	3
煈	1
勈	1
粒	796
肷	1
瞬	552
勃	1636
窌	2
黝	8
仾	7
罐	452
矠	2
暍	16
巜	5
礦	207
愯	8
焞	3
壹	561
苪	39
罸	25
奣	4
瘢	140
皕	6
鐦	3
肺	376
匭	3
婿	409
㰕	2
汐	5
姶	7
誹	3133
祀	2305
諧	506
旎	5
姣	22
囦	10
氂	103
掩	1468
汝	102209
評	1745
啤	21
薩	366523
崽	10
攸	386
摋	14
魚	5338
塸	15
跑	31
粖	220
蓑	39
傴	242
伐	3805
圞	8
佰	15
黰	6
麯	3
鴂	4
鎮	1896
規	1581
坡	231
芋	93
荳	34
鱗	473
軵	3
顖	1
狩	298
平	36515
蝷	109
呇	1
凱	79
擷	15
倀	21
癶	6
枈	1
鉒	1
鷚	1
忖	343
蜞	1
扉	144
ㄘ	1
洼	21
嶶	2
瘶	43
柱	3378
孚	493
菴	2912
鬮	21
爺	100
窊	56
국	4
泞	15
鐄	3
遏	852
舜	1065
觵	1
舖	7
誅	1069
繈	13
顴	5
蘯	5
螈	14
莫	26127
恣	5957
斷	132056
嬃	1
淩	112
灾	59
鏻	7
垸	8
船	4261
昞	47
滁	32
鱐	1
煮	2061
衲	1637
緶	5
襯	165
揟	5
券	236
悑	269
蹚	1
灋	12
價	3179
陋	1445
隵	4
鯖	2
瀧	6
鬙	2
湥	2
釘	874
緘	371
孃	204
戁	5
醲	24
鼉	166
擕	17
鞌	13
矩	1670
軓	5
暄	106
趺	3229
牫	1
氄	4
坏	241
鈎	361
蚣	106
靭	1
蓱	52
奏	2961
簪	202
屙	73
閣	4191
央	3444
稿	16
籐	2
忯	1
計	25105
丳	31
陏	4
饊	3
態	710
渄	2
索	9451
繮	11
膝	3547
嚃	2
嗹	7
衛	11725
楕	1
瘸	1
歭	13
蛄	36
僣	71
囑	3824
樻	16
糖	391
̄	28
穊	26
伸	1583
蓇	1
玖	10
獝	2
玉	6615
拼	200
湺	2
鍒	3
肶	10
鳴	4492
蓮	19471
儗	340
藉	2231
栠	1
國	84188
槅	19
琖	2
傶	2
難	100231
俟	605
罕	786
瓚	101
雊	7
磴	33
冬	2242
瞚	57
喟	93
岣	11
髀	824
羿	55
槱	3
餴	1
葾	1
噌	22
鑾	108
皞	1
攁	1
鯪	4
緡	48
苐	2
食	86227
搔	259
漚	1004
撀	3
瀸	11
庙	2
橚	7
紿	33
痒	1101
覤	7
鑄	745
卛	11
藕	406
重	60700
廄	7
敃	7
蔀	4
囡	2
㝹	705
暟	6
蜓	35
贜	8
匯	15
斲	167
沮	1006
塹	728
廴	1
賢	29391
腳	86
瑼	1
儸	10
苛	109
嬮	1
氳	160
鮀	4
讌	72
嶓	3
磺	30
墀	106
蹼	4
歾	3
肪	150
哥	653
髁	40
哣	1
鑁	887
啄	535
礧	9
站	8690
粈	10
奒	3
狠	32
踹	34
闒	14
塪	7
彗	223
隩	42
旋	4952
邰	5
瀚	24
絼	1
敕	64
俳	123
曲	6398
熸	14
岳	1530
咑	221
違	26261
娼	10
瓖	9
黶	125
喠	1
稇	2
螺	1812
嫦	3
麻	3162
极	1
禍	2135
槐	151
鴰	12
悴	717
亐	31
雙	11979
祋	10
岻	2
誺	1
稗	265
刁	45
糧	3381
煩	48772
煦	72
穅	31
勁	178
晣	22
穰	220
稻	1449
舐	414
黐	41
找	2
逽	1
竁	9
梞	1
畢	22095
鞧	3
矮	48
蒺	96
菁	124
甡	22
諜	57
琮	364
鶙	6
揄	66
擹	1
霎	4
坘	5
箾	2
紼	11
禿	443
憀	9
鎚	377
釨	1
戩	26
胆	15
酲	2
死	72982
皸	5
謮	5
役	1378
澮	18
百	84357
苜	36
卟	2
鬘	6534
瀄	1
飄	945
嶒	4
旍	25
娑	17722
坒	95
潑	96
番	2767
銷	1514
癬	191
蟧	3
犎	53
勦	84
㮚	1
棑	21
侏	52
紏	40
剓	1
眨	80
何	341252
瓿	13
磧	197
悞	52
揆	332
嚳	55
厏	4
狺	13
鶥	1
鐷	23
抖	345
繕	1227
筯	81
袾	15
揳	3
訐	34
涱	23
脈	1300
獟	2
拁	1
太	22373
忲	1
紒	1
囇	290
矐	6
匄	1
鬣	66
笓	3
竹	4590
鎪	6
閡	767
犢	1333
恾	39
蔤	1
鏗	159
徠	6
廢	5862
戄	5
旬	9800
經	249938
聞	148102
刮	339
邢	86
噑	24
躍	3561
踈	319
崍	1
踸	1
苯	3
賲	1
蝝	14
依	131361
聊	647
乖	4264
跤	2
嚕	6141
榪	1
聳	439
躘	8
肄	79
攢	306
噦	77
电	5
冎	7
容	12688
楂	11
陫	1
祜	41
齸	2
系	496
恿	3
棘	1188
蟔	1
滷	19
燺	3
稡	4
鏠	4
崙	777
鞙	13
守	14847
驩	24
瘭	49
帛	1415
鋀	2
皝	15
籬	337
犾	20
擆	4
俄	1197
慏	2
哷	23
琇	32
賺	144
睽	28
道	260895
輢	1
ㄗ	148
楙	14
飢	5807
髏	764
迬	3
儹	2
翈	1
典	10530
轝	32
庤	2
儝	2
斚	4
拖	87
簣	79
絝	1
濸	1
樧	2
廳	154
願	80967
驤	66
嗕	1
艻	1
掍	15
舒	3226
軷	11
粳	902
陮	3
揠	3
僻	712
繌	1
榩	6
荎	3
銖	257
榓	39
褻	96
眇	312
馲	41
董	252
削	1004
屣	1468
啊	59
鑽	951
箥	1
竑	6
輵	2
毣	1
鴪	1
渢	6
藿	115
返	4229
顏	4395
栭	8
墻	108
馞	27
妁	2
頶	1
衋	2
捿	40
汦	266
𪌑	2
齔	46
絕	16451
佩	639
搭	258
泊	768
廆	15
覺	97697
牂	24
楉	2
寶	87191
碌	68
蝄	12
莧	31
驁	7
跚	4
慵	42
棣	29
叶	253
佾	3
登	5731
髻	2982
債	1095
耗	624
窨	6
艘	15
瀛	104
榾	16
逃	1338
卞	106
翫	598
樓	10089
諝	23
佌	5
榘	6
臺	6444
圣	3
緒	1202
舫	156
鄯	56
趬	2
秐	1
兜	5004
勱	14
椸	26
眠	16800
涶	31
舲	1
繻	6
鏈	4
貢	1894
飃	25
硉	3
栘	17
蠐	18
權	29621
迾	8
艸	194
熏	11186
戚	670
板	1221
崢	89
原	3893
供	56933
演	11426
鉐	4
渟	84
媼	53
酨	2
冶	397
爝	81
珩	21
笇	1
趨	747
恍	373
瑘	153
弦	293
琯	29
匠	1531
崖	1494
樐	10
獺	128
公	14935
渡	2779
瓏	95
摯	39
晨	2241
嚯	9
瓨	158
映	2016
髼	17
艱	954
岫	211
晸	3
縟	64
耟	3
鴈	481
釫	4
綳	1
肐	1
眗	2
ㄎ	157
噃	1
殠	16
敄	32
屮	109
擖	4
謁	1492
篅	128
帒	120
燹	4
蓏	223
烙	48
督	351
謳	114
瞍	11
鱡	1
化	74915
緅	6
莚	64
	1
奱	1
揩	801
餩	9
潼	71
躔	24
薋	2
喥	2
讕	2
起	144342
识	1
衾	61
癀	23
捖	1
抺	3
走	5474
薔	14
軯	5
濞	4
塾	9
鳩	3176
巿	342
袪	135
澄	3310
膐	4
碇	3
篼	12
鄒	133
緋	162
凌	841
得	463381
泅	23
鸜	76
秿	2
涅	56495
忽	9704
鷢	1
暈	88
閩	393
夫	43905
炟	12
恨	4945
灰	3050
漨	2
嫭	1
殅	5
杭	907
迭	896
雥	9
眊	6
昺	60
滸	19
本	136308
愗	3
撦	47
茘	27
嵲	4
麖	4
誘	1896
瑲	1
毗	303
髑	744
豉	82
毃	4
棠	83
曬	538
嶀	7
捱	18
任	9806
揞	6
拒	1000
鬐	12
嘇	11
壘	298
糓	2
卒	5248
栟	9
槄	1
扟	19
杒	1
鉏	52
菂	2
劊	4
憃	62
備	8120
鶭	1
俸	146
琊	72
暗	4551
渾	657
夋	54
晤	136
詵	391
銘	1231
外	77596
攘	424
湤	2
臞	15
蜑	1
吙	2
玘	48
吁	211
媖	1
拂	2823
耛	3
疪	3
葦	427
習	42629
耨	15314
焯	99
昑	1
髲	8
怕	898
醯	2674
蟵	5
猊	58
霄	460
圴	4
髽	2
欿	3
憍	12841
餭	1
寀	23
蜋	111
膊	324
順	37170
洱	1
倱	7
氅	9
咽	1923
崟	24
斾	27
熞	1
晼	4
杇	28
珈	30
淋	184
莩	5
斆	57
鑺	9
枡	3
糂	15
猜	225
禝	32
曘	3
澂	37
烰	2
儚	2
跉	23
岱	122
窾	2
皷	91
偙	5
洗	7943
殑	1847
、	840738
乀	2
撈	129
獐	9
解	158178
闖	5
立	72013
弶	241
甋	1
種	234582
奸	94
匚	282
揁	12
黷	159
賙	40
媕	2
渲	3
璹	81
鯂	1
舳	14
更	45005
澳	4
伊	4032
碖	1
徣	2
娵	12
誶	7
曆	1141
鈐	35
啖	259
８	6
女	64054
剶	1
朋	1802
丵	25
肯	3038
懱	58
垐	3
扰	3
醍	1173
棬	25
鋧	3
建	16423
押	1231
洺	17
盾	251
勬	2
贍	2005
霨	1
睎	31
禩	9
篆	294
嚥	38
棼	13
絙	58
漏	55247
溉	360
渣	4
堊	72
蘚	22
騑	5
ㄊ	43
簟	61
沴	26
岵	40
挹	286
晞	156
崪	6
熟	24966
灓	5
槹	9
澉	1
璁	5
閵	12
撼	118
鍰	5
侱	1
啒	23
蓬	490
禥	1
氶	11
惋	178
譜	303
蹌	24
戅	2
檡	3
煑	104
詳	5080
蹄	355
檠	16
腋	665
待	12302
床	8433
牟	7888
沫	1254
杅	68
晟	54
筮	136
釵	126
醊	7
煥	473
蘲	1
蠲	727
堺	10
瞈	1
柷	10
坈	21
唊	5
酟	1
涊	3
玼	45
颾	3
艷	79
菻	2
餿	15
專	8552
虯	16
語	98828
液	493
洇	1
鴖	1
扠	142
跃	1
靷	22
橑	13
醂	2
朱	2044
硺	2
籛	3
況	19287
擢	187
捫	510
无	123
顆	323
蒯	10
寇	713
韲	16
頋	11
狎	375
臂	4683
斻	2
楀	2
嵓	104
龐	291
喐	10
旒	138
珀	330
粗	814
鱃	1
瀁	27
鬧	642
蒻	9
局	2420
傑	460
件	476
壃	64
科	3709
磑	82
葰	6
勔	14
瞙	65
餱	11
蕙	47
猴	2225
瓜	583
齶	90
浛	4
芍	12
殯	279
綸	478
囊	2368
埃	369
剖	752
沂	72
嗟	1717
躭	134
髷	1
沉	45
賣	2987
痱	12
說	472686
輱	6
炭	1334
構	594
拉	137
潩	1
竽	19
羂	1571
摩	154146
處	211588
藷	14
慾	617
嗡	1
佷	207
蒸	441
罹	132
珉	70
礿	8
欄	1179
沁	17
祭	2045
翊	195
搊	59
訜	2
鞢	3
膽	536
逞	167
綎	1
櫂	30
𥙡	1
縳	30
挎	1
腅	4
鐼	7
妷	158
弌	1
禓	1
響	4554
謩	17
怏	161
鳽	9
鉝	2
坻	800
箬	10
昌	2136
歕	12
誾	20
叡	1130
吴	2
麂	16
篐	3
跢	1502
音	53104
疌	44
蒢	18
蚶	24
埀	36
蔻	36
挺	561
湧	345
ṭ	1646
斤	1135
茢	4
酹	8
觶	4
翟	119
鎙	10
洴	110
愚	20947
滽	2
阠	2
麨	812
曷	971
罍	5
坐	45030
茯	47
蔝	4
厡	3
諩	1
缾	192
佬	2
捁	2
蹷	8
形	36398
潀	7
熖	4
樬	2
澹	443
趮	18
傏	1
咖	10
統	3287
攪	338
詶	328
恠	76
鍖	2
謇	146
疝	6
嫈	17
髃	1
ṝ	7
袠	31
輓	32
羄	2
渚	864
攦	4
潞	111
鶢	8
啅	41
朳	3
吝	279
奼	14
姝	547
該	1925
醇	124
檻	293
縿	1
亰	2
骾	6
磼	2
篺	4
謣	18
咈	15
煙	1898
梅	659
儐	110
絨	2
聝	3
喃	1998
丸	1538
衒	275
筊	6
俘	58
瀹	21
篚	7
瞻	5129
霔	161
濊	17
罡	6
鄣	34
懡	51
篣	3
匊	65
䴰	14
顢	45
囝	1
爔	1
閃	380
呡	1
龔	105
攲	13
气	35
菹	20
惌	36
鱣	47
晢	17
亙	22
絃	572
鏬	4
攻	783
鷉	2
燡	4
蝅	9
臆	497
另	10
狼	1902
浿	18
聹	57
浩	997
壬	1203
元	17150
哃	1
芥	2329
鶋	15
蘍	2
畗	2
恩	11822
厙	7
櫌	7
瓮	318
戹	66
拾	1275
恱	4
脃	12
始	28020
魾	2
糒	44
渫	18
詆	96
棔	3
憇	10
衼	1
寠	57
矟	364
篨	29
薪	2724
弊	3380
蠂	3
騧	1
妠	1
袷	22
幸	2898
茅	888
眓	1
瞋	23169
鋋	43
梃	5
杚	9
圃	148
疑	36518
燃	2610
秈	6
硜	8
慊	154
軄	41
鑯	11
踋	1
俤	2
拕	534
斗	2036
螃	22
會	41041
黠	1328
贅	108
涘	48
楹	130
颯	317
抪	5
哱	3
姐	12
宄	57
鹼	3
峰	303
庹	1
撒	260
愘	1
悍	262
萊	168
榷	31
蓐	289
嫡	213
捪	3
鬲	218
舛	412
睅	4
麁	15929
甸	66
彳	280
愔	145
鐈	1
媄	2
汯	1
贊	6074
唧	683
蛷	2
隽	3
牪	1
慮	26874
豬	37
橾	13
衢	1353
畺	99
巋	71
贈	848
迓	38
腥	223
忩	34
寢	1337
僥	179
鑴	13
蜥	48
繥	1
峽	120
鯫	2
靛	1
宏	780
夬	62
哹	91
裘	260
侮	342
屩	85
瓌	156
矢	565
屆	303
頲	20
饗	149
恝	2
庫	1731
婢	2500
飼	181
袨	23
１	27
鐉	1
苒	54
拓	312
焇	4
嘻	133
抱	2743
釳	24
暎	58
悝	48
蘗	576
詞	3697
煿	5
苾	23686
爵	443
鱍	92
長	81703
餔	80
弘	9522
洸	25
惥	1
璇	25
擗	176
禘	58
叐	3
韙	21
距	172
ñ	356
崲	1
菭	1
栗	2123
憓	11
姉	98
褡	1
寅	1084
伲	1
暆	3
橙	124
葈	2
孩	581
問	141391
礏	3
貘	7
輛	4
繟	3
克	1087
睠	83
俜	28
熙	1509
腊	31
南	66911
晰	20
蟽	4
壂	1
菅	53
馥	517
暲	2
抷	4
栴	3409
秊	18
攄	45
湀	1
胾	34
蕞	12
晗	1
疃	1
妻	6566
芽	1877
嗌	43
萛	1
蓀	10
齆	21
蘷	14
粉	812
漭	45
阩	1
禴	6
燑	4
駈	138
錭	6
誡	4935
暓	1
趌	3
淹	429
孋	2
趣	42881
惏	16
京	5437
朴	460
蔔	492
皓	595
缼	2
叫	1684
倔	15
傯	3
駄	396
麵	248
踊	4514
宰	1955
睘	33
蔓	476
輗	5
咤	432
褎	20
鑊	809
麈	174
刂	19
狹	3502
餬	102
舶	551
婟	6
荕	8
伒	16
頂	26927
犪	1
熯	7
檝	108
俾	713
鼇	94
瘩	1
髎	3
綺	2004
尚	26379
杽	3
銳	634
狸	308
蝐	1
畫	9337
庋	1
粺	4
蝯	6
鴆	132
絮	200
報	55861
璬	1
堵	1173
惠	7748
峠	1
鶝	4
璦	1
砣	1
阾	3
捨	80300
茂	1848
盝	3
噳	8
瑗	85
腦	1335
錘	64
袤	69
覛	15
赫	1215
矸	5
藨	8
葳	31
擀	1
嘿	95
媒	398
沒	16773
紬	35
臠	161
筵	451
癥	28
劾	44
邏	2623
奇	6789
蒔	72
稔	193
筐	97
反	58596
誀	1
鮎	12
揬	71
歛	220
鹻	17
惡	100674
戟	676
頒	601
蟪	15
釣	415
戠	37
儞	5855
灹	12
族	8165
藭	9
裵	4
櫢	2
掄	4
嚟	113
岏	7
榦	35
閏	484
腮	69
曗	3
羠	13
豖	68
垤	52
存	11036
狤	11
褶	36
卂	58
沕	3
踮	1
鑒	2348
搨	21
蹉	1104
嬙	9
瓊	380
拏	9134
桸	3
躕	3
ㄑ	1
肇	2442
覗	4
抆	162
猺	1
駭	615
縻	103
瓅	6
簃	13
鯘	1
皃	787
綀	3
爙	1
郫	27
信	70130
歱	5
爇	216
怵	36
奐	186
恕	852
颷	23
珁	3
菷	11
玠	17
埜	7
歙	56
搯	122
絚	1
枊	2
譒	1
︽	2
綏	145
蹐	9
蝑	6
瘖	410
𥾝	1
耽	2381
摲	1
蘠	1
淺	4875
嚬	234
䱷	3
髄	1
筫	4
獍	9
磠	1
嚁	2
懮	2
寫	6145
慌	81
孠	6
僺	1
沱	69
域	4790
肚	297
褅	4
狦	87
楨	36
旌	389
僗	1
龑	7
麒	97
墮	26863
偂	4
趷	2
鄷	4
凘	6
嶽	1532
屑	409
秮	1
懂	33
渝	137
慹	1
䄡	2
珕	5
淇	6
鴞	25
蒭	207
遱	2
鎬	31
茝	1
脪	4
貇	26
冝	208
筕	3
晬	11
峘	4
鉉	67
焅	5
窼	5
譚	328
靁	10
栥	3
到	25177
侜	19
瘓	11
伍	268
玏	1
櫛	86
梟	405
帕	11
靣	25
邠	468
宕	66
尨	82
模	605
匐	167
蒞	41
燐	8
抔	5
瞢	346
埿	292
簷	234
灯	20
搥	318
圻	48
偧	2
鋸	312
吵	10
喁	52
擒	394
庳	29
牽	4109
吲	11
亨	219
揅	2
胗	17
謀	1607
炷	894
苷	84
輜	9
癖	108
交	7252
棟	471
洧	14
羕	3
侼	2
閞	31
幀	372
哫	1
雀	2228
比	142159
緄	14
枬	2
折	6000
孝	5459
卨	2
苙	2
爓	49
堡	22
充	7287
璡	31
啺	1
澎	2
鯠	1
灮	2
膂	41
壼	18
遡	13
搵	237
佡	4
撿	1832
氺	6
諄	82
套	11
鷺	220
輣	2
觀	159726
硪	3
軃	1
淤	495
鼠	1200
瞰	61
欬	283
訷	1
櫆	2
遒	48
摙	23
慈	38102
牉	8
購	32
豏	8
酩	16
鍇	28
屘	6
嶷	238
排	1275
螌	1
湻	3
圈	180
超	13321
撅	55
迅	2222
騕	1
普	40672
皿	483
暏	15
綜	634
惟	36287
𪍿	2
迺	423
躃	171
龠	92
掊	68
波	138148
捔	313
窕	46
峨	268
嫂	92
チ	1
妟	2
躋	80
闊	934
礭	44
塑	250
蓛	4
晦	993
踐	1232
僦	10
蟨	7
務	3266
珿	4
諊	3
莛	21
兄	4641
民	20271
禋	37
衫	316
鄴	685
田	11198
冲	518
璐	3
禸	60
罦	2
竿	566
郛	11
𥡳	1
諭	868
赳	21
菩	363937
盱	32
舠	1
逿	2
昱	283
琁	21
盍	129
胜	12
菢	6
笞	122
饠	2
婺	188
咦	76
梫	2
㖶	50
螬	13
奠	166
靬	3
軏	4
蛉	37
蓿	25
偹	1
圼	10
荈	4
磯	9
坪	10
敝	186
啗	96
弗	19073
莨	7
訧	21
螯	7
嶄	14
叿	2
譽	2853
誵	83
迿	3
聲	106684
靖	668
跍	180
概	425
馸	2
巾	1602
蹢	15
喉	1183
六	144490
牗	8
沾	527
惂	1
淴	24
嚨	45
溈	1119
粦	16
曏	9
糵	38
柭	3
酇	52
蕷	10
瑄	12
饑	655
碓	161
丁	4423
瘻	69
癋	2
潘	191
彙	107
搰	13
敀	4
煗	605
秀	2357
螗	10
柸	18
懝	2
愵	10
鴠	3
欺	3387
鈙	1
悶	2008
嶕	1
憜	29
膴	16
襌	32
陲	47
墨	1331
葂	11
柩	105
瑑	1
碩	377
蝀	27
鐰	5
蠓	23
僾	6
呀	44
蘹	1
朦	64
亅	2
迆	6
隱	19660
閨	55
嗉	17
鱒	3
枼	36
蘋	49
蹬	233
卭	38
郿	8
簠	7
合	113409
坰	14
确	73
眀	1
釀	108
賆	1
桑	938
倐	56
磎	19
勢	11326
裂	1766
浥	4
出	168215
瀨	90
猝	83
扦	2
灸	69
淟	5
剕	9
柈	28
倮	83
槩	97
蠖	52
諟	15
邗	6
垓	78
涒	6
匿	3154
崴	1
蹟	77
𤘽	2
析	2070
倧	11
枉	862
藋	6
吸	772
驎	64
棶	1
韭	60
肘	2933
檾	6
幪	8
嘗	2959
涕	1598
抰	1
厈	3
槲	9
殜	1
牋	45
陪	320
迕	16
黂	2
苗	1203
犨	2
磄	1
磊	71
銸	23
柢	38
傌	1
歅	1
橜	37
嵠	31
邇	403
旛	399
愞	41
梲	8
鷩	8
齟	29
瓷	87
峒	31
片	1662
饀	8
悠	580
褱	58
緵	2
砎	5
櫰	3
莁	4
芓	1
釅	10
韜	251
查	65
ṅ	230
欝	3469
邨	4
扱	4
戞	39
峉	1
稫	4
萫	2
酏	2
偉	468
蜝	5
例	7436
醎	567
稹	5
嗇	89
紫	3808
橍	1
惝	5
瑉	1
楫	52
崧	9
愽	113
躂	14
跾	4
魏	4937
吶	11
縐	4
那	72143
猶	40021
癢	158
眥	47
礽	1
菘	9
靚	25
粃	74
踕	1
嚻	37
洝	1
恑	10
摳	57
裍	1
敡	10
醴	139
爆	192
類	41587
暨	445
列	10080
鄗	16
綴	880
徇	254
欔	1
脼	5
示	54323
醄	1
圅	2
頨	1
踧	66
琥	163
幞	99
郵	66
旱	865
扣	873
縷	2006
溟	350
玫	69
蟀	12
滌	543
糍	20
邪	34445
肓	50
嚼	872
㳟	1
荾	20
鯬	12
怊	4
笑	7694
毖	29
揪	1
持	111426
亹	165
鵩	2
濯	580
夔	39
鍼	358
倪	438
劵	8
梖	2
䵃	32
書	23425
射	2965
嘀	2
戕	4
糴	40
撻	246
罤	62
哊	5
近	30202
員	554
錮	34
箯	1
咢	40
鴇	3
禱	787
松	1996
鮒	10
顧	6800
哿	104
响	5
佯	183
鵋	6
寴	1
觕	7
罛	9
贀	6
貉	10
襽	1
嬿	1
萏	64
頺	4
虺	237
峚	3
拚	36
鄞	63
刱	2
鞊	16
橰	10
蚓	94
蛒	2
膭	5
仚	36
覽	2039
誨	2478
膍	15
烟	1284
摎	13
砆	5
脬	32
臮	2
樫	2
脖	5
睾	1
塈	4
責	9808
呼	8936
璝	47
量	105795
瀼	4
荀	159
唪	2
儦	3
烽	78
怚	31
珫	1
覲	990
恉	8
迷	16034
辦	7691
橛	872
煏	1
冘	56
熎	1
埧	1
韯	1
蹭	26
総	6
軔	22
籤	356
瑮	5
倣	387
棺	923
嘷	97
罾	17
堪	10489
栧	1
陭	4
骻	6
飽	1925
摽	448
我	287497
棽	3
牷	13
挲	29
愬	18
略	28663
霓	171
琕	3
卵	2149
啑	83
版	296
籼	2
崝	4
頔	27
尸	19338
幽	4531
徃	22
魴	6
汛	16
夸	117
鑇	1
剺	11
宮	18832
藪	856
束	2071
竂	2
敞	213
招	4964
韏	23
瓐	1
曀	335
滎	30
送	5467
̃	2
麄	13
辜	539
扸	9
漧	2
喔	7
琀	1
賕	13
阯	47
秔	50
廱	1
標	19857
靧	4
轞	9
玲	106
怠	4936
蹔	37
矆	1
葶	119
文	121546
蹖	4
麴	127
煜	58
匆	64
蟯	12
扐	3
瀺	3
庴	1
庇	193
殟	46
膜	441
駱	300
襦	63
咪	8
酉	1245
踆	1
酣	80
擁	3231
摗	4
灕	6
适	10
娘	129
攥	21
疳	3
僑	84
矧	127
碭	18
萂	1
瘼	16
桗	8
．	41223
帝	35323
憚	609
旾	1
幡	3991
即	282303
叚	170
傛	1
儔	484
稴	1
江	6803
蔭	1197
怤	63
庶	2823
黵	1
剽	60
緎	3
煒	165
濬	197
紳	206
秼	13
霸	102
襾	34
誂	30
其	256335
賂	60
訰	3
席	2386
瑳	139
諮	2388
瞟	3
舷	24
紘	71
郺	2
斒	13
窃	1
葀	1
剫	1
甤	4
抅	6
呤	124
晈	87
櫈	2
篟	1
詡	50
螝	6
鉾	245
晻	19
謊	27
鬇	3
楊	2845
蚔	13
監	1826
乘	87333
躎	6
鋓	1
冗	163
丕	180
校	3252
酆	13
圄	159
季	1061
稠	1160
袋	517
觝	143
憙	1615
袢	4
复	51
幺	15
筭	47
昴	305
馝	30
櫓	197
鷭	1
麛	19
譪	2
夲	2
饈	6
悎	13
唎	2444
隒	22
甫	784
瀝	151
崠	1
餻	5
刅	1
酖	42
隆	2418
砉	2
譗	2
茴	22
矦	18
緪	2
穽	126
戲	14216
釴	14
喍	42
奕	693
贁	1
接	5503
菚	2
歖	2
野	15802
朣	1
舌	21905
簸	545
侒	1
踾	3
聻	63
虙	3
胘	10
芿	24
崦	27
踳	20
鳧	251
積	12762
艦	23
凳	15
么	9
牆	2215
忄	14
垎	3
瘉	21
漾	72
櫽	1
鵾	30
鍜	32
葚	13
厀	3
衱	1
圖	4202
錫	1862
菀	84
餉	356
岨	32
壀	3
睫	276
鈋	1
簳	11
冊	453
壖	18
騭	1
揸	2
資	12565
爪	2074
蟄	164
啁	63
蜻	14
忛	6
睩	3
腰	1640
榆	146
跕	5
輒	3391
蒈	1
逷	7
黚	2
紊	93
歝	2
欃	12
謯	3
縠	189
祳	2
唲	3
銧	1
塵	31521
醒	626
話	2201
彔	53
謾	450
暬	2
鬔	2
簽	26
燎	285
鎸	8
寤	1794
粽	9
葫	73
鐙	95
咁	2
搪	52
岷	82
扆	80
錐	408
黈	10
跮	2
浸	425
乎	17651
衄	8
嶂	80
衺	14
灊	7
燮	16
蒼	3600
僵	114
良	8656
蟇	267
利	124764
甐	3
甝	5
盒	18
胚	8
農	842
螘	80
柎	10
囕	465
衕	2
朗	2601
姓	22982
曠	3466
嗣	3853
疿	8
皾	2
姊	2516
褧	2
辵	261
蛭	85
焟	1
繡	436
殃	1863
梧	132
摹	106
獒	1
萵	1
汬	9
蹊	93
蒰	4
前	161806
鹿	5907
犵	1
雷	3235
芼	6
戊	1026
迥	46
鵚	10
櫬	31
遊	20130
夘	65
决	40
崱	9
茸	104
牚	12
咒	109
裡	245
崐	31
靂	481
棻	6
洹	10897
睜	3
鉹	11
湔	48
澶	9
齎	1323
塽	8
未	126108
受	212039
錦	905
猾	77
彶	20
界	251936
便	128275
黧	76
殷	1746
料	1960
瑝	1
蹞	1
刃	1519
婀	147
菌	86
娥	59
矖	5
畬	34
坎	330
繑	1
儺	7
柮	11
麝	165
縭	8
疥	361
褩	1
怜	160
苲	6
緞	1
閾	88
粱	25
銅	3398
丙	1651
萓	1
尥	4
兀	354
郅	12
卹	42
烑	1
級	977
髺	13
乏	3878
霽	206
篖	3
埭	5
鶺	10
皡	15
椊	8
進	45746
岐	935
厰	9
嬪	169
貓	42
偘	46
昬	32
檁	4
艽	2
菡	76
縆	28
硋	13
坿	1
浘	5
寂	40135
鐴	2
鄀	1
隶	20
烜	19
椆	3
眡	5
鄋	2
柣	4
側	4149
曹	2666
鋟	28
瑰	112
帢	8
鶄	22
歸	36156
趼	7
毅	249
聘	153
焉	9691
弋	231
讚	25821
獲	20060
股	959
攬	990
羔	97
萪	6
呰	998
鋕	1
促	1381
晲	2
羗	75
癃	90
遵	2398
芺	97
孖	4
工	4419
旟	13
尠	390
嘪	1
淊	7
艹	1
滿	59363
䁆	2
簀	33
姘	1
嗈	5
敖	161
頷	285
鷇	2
榛	153
廼	94
欷	100
她	1
蝜	1
繃	4
舭	1
嘖	181
駚	8
捉	5306
籣	1
媈	6
鋺	13
諾	1057
鐅	2
汔	5
蓨	1
最	41213
狾	11
腧	3
囒	60
醷	1
圊	144
薦	1144
唭	1
鷊	3
呶	25
卼	2
蟘	2
鮌	6
羈	456
匲	1
支	38130
倳	6
琰	524
跅	1
瘕	22
篷	3
絹	938
癱	2
瓝	2
訩	12
剈	8
沇	6
虹	324
遦	13
司	3841
識	139517
琚	13
蟓	3
蒬	1
杷	53
辛	3343
避	4109
矘	2
檎	66
炕	7
輂	4
蘂	246
榹	3
瞐	1
浟	2
察	16836
郕	6
痼	72
沼	595
廝	178
殭	8
寽	5
俫	1
胇	10
瞑	311
縹	124
溢	1102
薟	5
种	3
樌	1
弞	2
跙	3
蘜	1
喪	3477
腡	3
按	2546
湍	119
瑃	15
漹	1
緆	2
한	4
隦	8
幰	79
繪	215
剝	860
嵇	16
虆	5
麪	35
窄	209
掜	4
證	65832
猛	10435
婪	41
蚌	131
放	24384
柏	663
榜	244
匡	588
趚	1
摑	130
饡	6
亍	36
咫	90
薗	145
◎	4120
直	20996
瓦	3139
·	8
禲	9
正	178415
丏	19
脂	1455
溏	7
硑	1
斄	9
仃	1
批	205
艇	25
魄	491
瓴	12
升	2441
駊	6
憬	15
咸	10495
彠	3
鏢	11
獽	11
巑	10
俗	30191
痡	1
虥	3
顦	42
瑻	2
姿	748
盧	9065
貯	916
靼	33
彩	1783
闤	48
筧	3
鞱	14
膒	6
雎	1
扭	23
嘏	8
蠙	1
鉎	7
蟈	2
喯	8
檯	1
縫	1077
柒	4
脡	4
崗	116
觳	4
啂	1
只	7043
鄙	1938
刾	14
悟	22200
的	1729
垌	1
落	15070
薅	7
柔	6233
鷿	3
痢	164
一	879040
潄	5
瑙	794
巩	7
梣	2
謓	4
闞	96
鳵	2
湡	2
雄	2168
蒠	4
臈	71
聸	7
宷	5
墳	561
嘑	4
集	57181
勰	37
樏	7
嘆	2610
蔖	4
戈	879
津	1994
哾	1
摘	426
梀	6
特	11643
桊	5
曅	3
偋	5
衂	26
竸	10
虞	872
抶	16
濘	204
甑	110
撽	14
湒	4
貂	33
畆	14
捘	6
雽	3
喫	1806
昶	51
咻	39
盤	2809
觚	74
埈	2
蹙	374
鄢	12
暜	5
蕱	6
轎	21
彸	2
惶	1100
緜	48
躶	76
而	286708
枳	2120
鞘	107
楺	5
忞	1
瘨	44
帀	38
言	376386
璨	175
搎	7
瑊	2
滋	1849
淡	967
間	97271
鬱	196
鰍	3
煆	32
鄏	3
呈	973
宣	18303
憮	34
獂	1
挾	552
苣	86
羇	120
啘	1
昸	1
舽	3
吠	2116
蝘	30
柂	16
潬	73
襚	4
沓	711
肛	10
互	11611
秘	94
轥	7
冩	2
棇	10
敺	36
韰	3
棨	4
毇	1
燕	1134
覩	10217
羆	259
攀	1992
軟	6586
頁	1643
謔	191
舩	6
昪	2
釯	17
蕉	715
艣	15
悷	117
鐪	1
槗	1
匃	383
路	15976
敘	4269
拐	1
脫	79464
ラ	2
膄	6
苓	59
�	553
籔	2
凜	149
截	4003
羖	193
凰	143
嘮	85
６	6
醆	8
瀑	992
曃	1
高	32111
鑵	32
譖	121
袍	234
笨	2
洮	96
麫	80
騰	2645
磛	2
靉	125
フ	1
詘	18
痂	8
篌	396
磭	2
鶖	327
篾	170
腭	130
痔	184
事	151274
楧	1
徥	6
璞	1009
漻	1
秫	415
甂	4
鏞	7
簦	29
蓷	1
汏	5
似	22791
胭	53
眄	296
偫	20
庥	8
蕭	1157
豸	188
啙	1
槢	1
睼	4
亟	295
攛	23
叹	3
又	128651
觟	1
Ā	7
胐	3
豌	42
餾	8
儘	30
謙	2704
闢	458
齝	13
趠	16
笡	6
鵽	89
姬	280
擃	2
唁	7
筑	28
舀	104
澐	3
葙	7
膀	38
點	3846
鸛	42
扌	51
擭	48
馹	118
湩	106
字	55241
蠦	1
鑿	1006
越	16046
俀	1
謬	3393
壩	2
槮	12
札	157
儕	40
椹	64
綰	105
糫	2
薉	32
羹	893
釁	286
渀	5
戃	1
誦	38494
絣	136
沞	1
頀	4
泫	70
鷏	1
磋	84
嫰	39
帨	2
汴	163
瘡	3018
穗	98
湏	14
據	11226
塙	4
獫	35
翕	185
潒	1
冢	19
祉	88
嶼	56
収	12
遂	17672
窞	4
覰	33
墼	111
滅	143455
爨	103
鱸	4
燀	7
紀	2094
簾	242
啉	28
栍	4
殺	24343
⊕	2
迁	8
殆	699
禕	23
㵛	1
权	1
酌	604
痝	4
孀	21
鄄	1
膖	270
瘤	77
石	16656
骼	37
呿	624
麀	20
蔟	22
唿	4
継	3
扷	3
鱻	6
滴	1036
玕	21
鴶	3
朡	1
豦	80
檄	101
剬	11
寓	484
豁	1004
樽	29
朔	956
雔	28
顱	43
冕	227
扂	62
搩	436
先	68649
眝	3
薇	40
廮	2
槻	2
喝	2350
袌	6
惲	69
芾	11
鮏	3
况	21
憨	134
耕	1408
癜	3
獯	43
椳	8
竨	1
雟	1
淰	15
壏	4
㠗	7
焌	3
鉅	100
劺	1
煞	73
毯	123
鵁	31
亮	4232
蝡	73
梱	35
嚧	1027
夤	41
騫	284
胏	14
厵	2
濫	2210
旭	78
檮	38
邀	378
窹	30
軶	51
袖	566
莋	2
嬫	1
訞	4
沠	1
攜	34
侁	27
瞵	1
鶍	1
査	9
踴	204
樑	67
肙	62
祖	13262
剸	16
腝	5
捷	972
蛕	10
遘	211
捯	2
戫	1
抐	6
揨	6
耦	38
檢	1777
懿	636
冐	502
㫤	2
隋	3699
擩	18
浚	128
宸	214
劑	223
脆	358
洣	2
圯	21
恭	15391
吮	76
男	48495
剛	38023
䚄	4
軋	48
潷	6
醐	1170
汞	11
握	723
堰	86
燆	1
呹	11
籥	114
組	73
入	153299
萼	29
蜟	11
練	3856
杓	489
尔	1
鬠	1
逵	420
髯	86
拄	2713
蘢	1
籨	1
鴀	1
鐊	4
巳	1207
仙	13086
績	340
峯	6098
魖	2
麞	189
睓	1
鬚	2452
暾	10
玃	61
繹	151
塍	16
噍	72
能	285835
丐	267
闔	284
黫	1
梡	32
罥	36
跟	547
酙	7
廨	33
虭	1
慓	28
夙	761
睆	13
匣	176
釬	11
炫	105
邵	187
旨	9614
熿	5
頊	75
繐	10
豚	108
獦	28
儒	3145
敱	7
園	13195
畍	1
煤	17
社	1235
蓊	136
肋	171
篹	8
餽	20
敭	14
細	16471
綠	714
二	551276
泜	6
鴽	2
茷	35
』	64674
恛	5
汵	1
秕	31
珻	1
閈	34
頸	1408
仔	34
刪	881
趙	2332
樉	2
傗	1
煌	365
怩	23
羚	42
棰	18
崤	17
膸	5
氆	1
竚	50
氌	1
餵	5
鈼	1
格	1298
詬	69
搙	3
蓆	46
咷	144
ṁ	159
欇	5
岧	11
疰	14
玢	15
覘	94
羑	23
椶	52
鶵	41
曒	27
羴	6
鼾	40
崎	171
仰	9314
抮	1
柴	895
鄹	8
棷	5
電	2923
繩	3722
鸊	5
灘	118
脘	9
馽	18
膩	1814
政	2731
蔙	2
率	5298
砰	25
揊	2
芄	1
裓	171
畸	4
忻	846
愍	10703
懀	8
埁	2
跓	183
隉	2
瑁	36
嵷	1
潺	63
禊	7
嵬	98
抑	1443
慥	19
砅	2
誧	4
擽	7
弔	256
隃	2
怨	11725
棗	431
狀	5548
嫇	21
麃	36
湫	158
桹	3
熑	5
塊	667
掘	2425
亭	1387
祿	1588
應	248360
靴	190
壇	7256
邙	17
頜	8
囿	107
潡	3
慉	6
皼	1
堙	68
囉	31125
椀	503
鈞	212
繅	4
今	163096
鞉	5
聖	89839
貨	1349
綪	3
劂	40
洢	1
灌	6146
鸉	1
回	2839
煽	9
遫	3
捦	12
縵	417
翱	165
檽	3
殙	1
餈	13
荻	111
湋	1
畿	82
佇	348
橖	23
妒	68
蛃	1
醩	5
沆	27
磐	227
懅	304
濠	51
庿	10
佪	25
夷	13068
禎	136
薊	37
榅	13
偽	4161
穌	527
腆	27
蜈	104
薝	117
岢	6
抽	604
糈	1
夝	1
稙	1
溳	10
裴	451
悅	9789
盎	193
贛	15
揚	6323
拷	133
仄	48
嵯	44
漓	54
尒	748
翛	56
藻	445
御	6516
鯢	66
毻	3
逡	83
譃	5
尖	467
螮	34
玅	22
盛	14159
逸	17221
儨	6
夜	40562
參	6498
獀	4
耡	4
銑	52
奬	9
作	287843
剄	3
祓	16
煬	348
鋥	2
墎	36
瘇	15
奄	668
慗	1
觔	16
蝚	2
朓	1
鄑	3
堚	1
箌	3
裀	6
執	49860
箇	7267
毫	3199
賵	9
俣	10
栖	935
慪	5
悽	135
尗	15
槡	2
螙	3
風	32498
卬	148
嘬	6
蒤	1
梕	1
繿	18
肰	10
痕	349
鶚	28
薎	8
〡	293
蹯	9
途	3276
翁	698
臣	16194
嫄	4
０	6
朞	36
咎	2441
殛	18
屟	4
囀	144
莣	6
嘍	179
，	2540988
藩	116
竈	298
菼	13
賤	4781
嬳	5
玗	22
靤	30
唔	4
觖	3
苧	26
痘	1
觺	2
穩	936
醓	1
雛	76
忉	2313
巤	18
姮	5
軿	14
談	4741
〉	2151
琵	118
瘴	52
防	3981
築	729
遹	7
力	98818
夼	1
矣	18298
閜	8
溷	189
諗	42
姟	510
擙	1
袂	187
蛇	6849
袚	3
絍	32
拸	1
鐧	4
低	2245
姍	2
輅	270
並	23190
韞	54
帥	534
嬴	140
釪	12
韃	19
犗	15
湕	2
劓	130
彯	12
瘀	332
聭	4
媻	3
震	4761
爰	893
們	1
顳	2
蔌	9
蚩	161
恪	338
陁	136
猙	1
浞	33
薈	25
頍	1
樾	6
賝	21
楚	2895
犖	120
惴	28
痤	73
琸	1
騏	42
郄	82
 	4
嫽	17
洤	1
弛	75
與	154668
踱	4
痋	7
傪	5
Ṛ	1
樭	1
鷀	6
咉	2
澗	998
蟫	2
遠	50419
贋	3
鈌	14
槴	5
創	1736
蠜	3
斌	193
鍸	2
迪	118
弑	126
補	9167
者	760117
鴒	19
硃	8
憩	372
譴	145
搴	21
朇	3
擠	36
熄	15
愧	7383
糟	233
豳	38
嵞	2
鷐	1
黛	81
肖	393
喣	5
鬋	1
湲	25
陗	24
还	10
驄	11
徑	2462
歫	3
悄	76
餃	1
郁	677
愀	41
琘	3
哈	108
庱	2
飧	6
テ	1
鰻	16
包	1503
蠚	27
孟	1153
鞨	28
匂	31
沝	3
斪	3
跳	1443
訑	16
均	1651
葐	11
迤	128
楗	172
簴	2
枻	11
袟	65
躝	2
睴	7
茁	8
坌	507
疫	1165
莪	22
芛	13
斜	335
伯	1648
儿	323
２	27
桓	3690
廻	97
嫉	5115
賚	181
殲	48
篙	45
蜡	12
髦	166
篠	20
菰	13
庭	1891
僖	143
寧	11207
噟	1
鋏	3
褠	1
鋹	8
槥	3
齗	129
竣	13
弸	1
菜	1048
ū	1837
浬	1
捏	74
蚱	4
涿	54
扎	25
殂	177
瑯	185
胷	92
疱	204
掌	12979
感	16044
豵	1
騮	13
跰	21
侹	11
漘	9
梨	15381
齬	13
狡	157
壠	38
鵠	239
犇	86
孤	6999
磷	32
蟍	5
桃	825
樊	228
光	83689
洑	21
畏	28355
澋	3
醺	7
乃	137333
纛	42
棕	7
貒	2
鄿	1
嫠	7
蠱	705
庾	2003
瀎	3
丰	132
吻	215
汾	499
鞔	128
凸	127
モ	2
暀	18
匘	2
骶	1
滏	28
礀	1
角	7222
把	2529
昍	11
罙	15
佹	1
泄	479
筆	3106
謵	13
氏	10072
儷	71
茐	1
斥	2412
４	7
棳	2
悉	65726
媿	124
漟	2
森	554
徐	2315
漪	78
跨	499
朼	3
辡	21
盋	90
汧	27
籄	7
燅	5
蝮	188
鼐	5
医	1
鈃	4
叮	64
冠	4143
憊	75
螉	21
拔	8620
髹	1
醋	286
臑	8
寬	2886
悃	31
哆	3048
鎩	46
胊	6
穮	5
儳	7
襇	1
鋗	6
肬	41
璖	16
鄘	4
鑎	1
摨	8
蜇	78
渿	2
發	78666
篵	2
渻	4
澥	34
墣	3
妜	2
雚	99
塉	8
誃	2
步	8168
台	12167
袵	32
傂	1
俯	832
淘	116
院	5838
搤	1
囤	10
蹏	14
轒	9
犁	1962
嫮	2
噎	309
渹	1
脟	1
嫜	25
芯	4
啥	3
謦	261
囪	39
之	471993
徉	96
韈	134
僈	14
啐	99
偵	6
宅	6078
樒	4
掃	3173
瀕	17
秒	1
掎	11
簥	2
蚒	1
蚽	1
巽	117
籟	47
大	409573
琶	120
楞	4566
怐	9
吨	1
茨	155
窶	177
鐺	108
裠	9
玟	9
圚	1
頞	813
稧	4
兀	1
漯	13
瘥	78
頫	17
齓	73
窈	261
穷	1
埶	9
境	64321
荅	114
逗	618
鎨	1
頩	2
羙	6
述	14896
挻	49
鍫	22
竢	17
杸	3
葬	1580
漕	88
娧	7
型	1
巫	228
眈	3
焴	21
薖	9
櫼	21
异	12
廑	8
邘	3
殽	25
趕	50
恁	3883
咃	265
附	4716
蜩	6
忓	27
嬲	25
叱	493
汍	4
恦	1
䰗	3
歺	57
扳	10
振	2576
娓	2
磳	5
廔	10
棊	100
翦	113
疆	428
訮	4
覮	3
褘	19
餹	8
筋	1454
吐	3857
鰺	2
嶔	31
脅	229
唍	3
扗	1
汚	1
哳	40
聽	38469
ṃ	5559
齘	17
尪	19
飲	20095
嚭	24
銚	53
讜	46
邴	20
杠	7
遴	27
帳	1213
滙	1
傷	6261
鯽	4
坫	19
恡	60
墊	50
鬅	5
牎	6
蹶	182
蔪	2
儢	3
鬻	204
篢	1
刖	230
轜	5
榣	10
棖	82
痁	9
鋌	70
必	37431
欹	85
俚	84
詫	119
翄	17
稸	37
嬖	59
湶	2
厓	49
澡	2650
匧	62
老	31802
刀	9541
笩	2
彾	1
蕂	30
骯	3
驥	113
蝴	34
罼	4
齖	1
搆	873
閔	193
驑	1
瑿	52
—	9756
蹂	40
眯	18
蝤	8
牒	4894
藁	8
騠	7
鸞	498
鍵	342
剉	113
橡	22
啢	1
耻	161
鉛	194
涪	55
洞	3655
冑	1170
毦	53
努	1458
麇	1
謷	7
畑	2
譔	53
契	12423
渭	210
盇	52
唵	9822
趲	11
迸	418
昃	28
歇	1003
援	462
哎	10
岌	93
魗	3
歠	53
剩	217
鐇	14
ㄅ	59
慷	100
誛	1
荁	1
槤	3
揣	518
哇	28
‘	47
功	61315
虬	213
恀	27
嘛	88
栢	70
睗	5
怢	3
雪	6376
尫	113
騬	7
饉	930
挮	32
彖	88
等	352542
佛	551586
萌	846
嘹	132
眼	73195
口	40252
〇	673
氾	46
搉	69
覸	1
裩	44
姰	2
跬	41
孔	9638
耹	8
朏	15
饛	1
旝	2
毚	47
磾	31
銍	10
僨	10
滄	362
漸	18392
閳	1
薄	7817
鼨	5
栩	21
討	992
膛	3
閉	4239
哏	5
寖	42
溘	41
瞧	1
洿	87
顇	109
鎳	1
謟	64
儂	76
悏	7
蓋	19088
喨	8
茼	1
肨	7
瀓	6
磂	3
蹗	2
設	27919
同	130797
纘	95
藀	1
洍	1
淜	3
醠	33
窿	15
隿	2
唈	1
涺	3
鵓	14
脗	12
髠	114
耤	2
嗼	9
鶡	40
跏	1524
銐	13
箸	129
游	1947
疴	6
褚	155
榐	1
錛	2
鉼	18
隭	1
聚	27358
腬	1
清	152765
碻	5
裨	185
擫	2
荒	1482
攝	77719
暇	1149
懘	4
芝	462
棐	15
顀	10
磶	8
苺	1
塠	57
羡	29
嶻	3
踖	42
虖	20
虤	2
乚	8
舂	274
靆	112
蜴	28
叅	15
樸	115
嵕	16
翎	32
笧	5
鵗	3
戮	714
搬	42
硠	3
ト	4
急	4908
榧	3
蜺	60
攋	1
帙	2699
甍	66
唀	4
懵	198
忬	2
十	370314
褀	1
鞅	103
嵫	20
着	198
尊	148298
斃	123
杗	3
極	41057
圩	10
曪	2
誖	12
籍	1420
嵃	7
晶	73
軬	19
戱	90
冖	71
濕	4415
窆	90
咄	1616
洛	5175
臙	5
睺	3642
开	8
朮	57
貦	2
冒	527
墉	51
門	170097
鼁	7
翳	1973
滮	1
蹤	985
姨	386
庄	18
樅	17
丹	2588
籴	3
唌	27
貴	9449
瘮	4
弓	2362
縑	83
熇	14
呺	3
繾	8
憘	42
尹	571
厥	1342
秠	2
凚	3
憯	6
溽	13
跦	3
奔	2198
扄	14
詁	135
罒	2
皧	1
嶈	1
徿	1
鴣	60
几	1045
猋	28
株	531
虀	29
撇	9
芳	1048
樦	4
辤	6
鉿	1
紞	1
知	281156
萍	119
捽	25
頿	10
羲	288
餘	101852
撘	3
筌	428
颲	20
姑	906
捍	250
哪	36
慒	1
蹜	1
詩	3960
罣	1390
湖	1492
兗	140
悤	3
輨	4
罇	23
矃	19
欠	1718
粕	58
裮	3
褞	3
潏	9
庀	12
椰	72
玀	1
簨	12
貅	2
蠏	7
座	26386
湅	4
瓔	5889
襜	45
劦	34
榺	2
檼	7
录	5
儋	39
暮	2351
露	12763
橎	3
惛	1278
渺	155
嘴	464
懕	15
箅	7
勌	63
閽	42
胲	17
咕	7
令	132517
慝	40
烳	4
獮	19
鸖	20
伭	16
輳	28
殘	5449
驈	1
豤	15
苴	31
幾	15411
栞	2
璋	136
麐	2
賬	5
歒	8
啵	1
鐟	2
慙	299
扴	7
糳	6
叒	2
飫	29
槁	220
唚	14
杰	1
簫	276
鷗	56
眱	2
慢	18561
閿	29
驪	154
頃	4813
隥	204
笛	359
喺	2
皋	9
涴	10
繳	108
怟	1
挵	8
邽	9
𨄔	9
輊	4
魭	3
北	15876
曉	5791
孅	4
溪	3170
稂	12
馧	3
閥	16
彰	5288
碍	23
爩	1
需	95
霶	25
僊	206
闍	13965
祩	1
湸	2
襴	64
階	3207
薍	4
殳	247
茞	9
罘	21
辶	2
媟	68
皤	845
忸	38
歐	342
硌	10
絰	132
枰	47
稾	8
戌	882
舄	46
咯	1
憕	15
卦	374
坤	723
饙	11
忍	44682
鞫	22
︿	7
笻	59
蠭	11
喡	8
蒗	2
筥	15
烗	3
鳸	7
撕	109
摴	38
砑	4
桮	4
埏	114
扻	2
泐	197
旅	693
瞥	212
哦	103
讓	1321
痆	351
薛	320
千	74230
齮	10
芉	53
嗅	1034
邃	672
綉	15
㒝	3
綋	2
齯	2
署	546
丑	1225
檔	9
儴	31
地	190366
涼	5527
奝	10
娕	85
屚	6
哅	4
帤	3
牘	78
勉	1064
完	696
怫	23
灥	2
扡	9
穪	13
韮	75
嚀	59
洽	724
蝥	19
癯	52
膹	1
凉	78
峧	4
鐹	5
咍	39
濾	205
埻	26
卑	3787
帬	23
髟	256
繯	7
殼	303
純	6898
晙	1
舍	76156
箒	159
摏	1
蠈	2
期	6056
軀	1277
朎	1
娞	2
嵦	5
締	96
隴	439
窑	4
情	52589
潚	5
竦	225
影	11218
盟	214
涾	4
唨	1
捧	1190
噗	9
葪	10
鍮	295
兵	6464
轂	301
峻	1176
骭	1
筏	1120
鏃	177
罷	1319
仇	559
嶝	7
：	309751
蜿	19
捊	35
怉	3
蟮	11
壓	982
昚	9
胮	42
宑	2
壯	1936
瀶	5
迡	3
嫩	44
孕	946
蟸	4
茣	3
征	821
窂	41
巍	2340
璿	155
髫	90
廯	2
芧	2
瑾	38
麗	2425
錎	1
通	100189
芲	1
凭	45
嗒	15
腹	3562
灣	8687
坂	126
岔	2
鴡	8
裊	15
摫	1
遉	5
愣	1
鬄	13
官	6798
胥	233
喚	5964
勳	1018
栵	1
阮	148
憫	321
勣	41
玔	42
濙	4
尾	6919
頥	14
顊	3
朿	231
巀	7
臧	392
想	86435
濡	833
鼗	13
釾	1
獘	6
睻	1
莇	4
楬	6
癕	30
茿	1
愎	36
翻	10814
趾	210
关	1
椿	118
鏂	20
疐	21
仲	1445
跡	4908
萞	2
伴	5751
賉	1
砭	16
聿	370
隓	5
議	27866
曄	162
棓	106
驊	13
尃	125
咅	67
擻	328
撤	176
護	48256
蒒	5
甇	2
廬	1977
饕	144
萇	177
宭	3
焭	26
噶	15
蠡	345
訕	140
釆	104
𩕄	1
鈔	1563
庢	1
嶮	1115
蔚	233
撏	1
汙	101
裧	2
眺	117
襤	15
謴	2
楪	27
鷦	28
瑪	235
沍	10
肸	13
槙	2
櫜	1
迀	8
蕚	25
宙	246
鄲	50
惚	241
河	17861
纕	12
廦	1
敢	6555
鞾	60
倰	24
阻	589
繤	2
幄	55
侻	10
諶	29
甃	41
澣	100
斐	99
蚯	70
塌	21
輴	3
碟	2
胡	5562
拗	118
芇	13
蝢	5
蠃	124
閇	49
啡	2
隝	4
慜	245
泠	80
蕤	70
溍	8
吆	6
綐	1
槒	1
辢	32
臉	29
斕	24
父	25481
笪	10
嚉	3
ḷ	7
蝺	3
苞	307
綻	74
裛	20
槽	163
嵐	493
潠	28
頏	24
耑	135
娠	520
泙	1
娭	2
無	1170048
畻	1
準	5646
姎	2
纁	9
鴗	1
仅	4
斛	953
目	27430
訶	91497
９	6
犬	1647
莒	64
劍	4418
兟	8
矹	4
ㄉ	13
僱	3
耋	29
閱	1737
萱	73
潛	1974
呦	22
寋	5
濇	11
螭	40
说	1
与	8
缹	8
畀	5
紋	126
丽	5
眹	54
擊	4151
旐	13
楈	2
𧤲	1
妖	969
侔	138
雘	4
恷	1
猂	1
坭	32
䄇	6
尌	21
佄	3
鐔	82
褒	892
胖	17
褥	1189
瀀	1
冋	26
約	32912
闈	76
漁	488
紩	29
厄	2206
鬭	2
眶	26
肥	1182
茖	11
了	51822
鴃	3
茋	1
劗	2
膱	6
鑷	81
諛	546
堆	492
逴	9
疎	2420
楣	37
般	81907
榻	573
匑	3
夂	39
疄	1
躗	1
妥	24
莦	2
攔	62
獗	5
菖	101
箖	3
渧	818
圢	1
瘐	4
裕	528
凟	1
咜	15
毬	125
媧	46
淬	22
妨	4899
常	134825
搌	4
糚	1
鼈	688
騷	129
贄	63
庉	2
欞	5
愇	4
媎	1
猪	1480
剾	6
憸	1
蔗	889
益	41963
唃	4
ㄒ	3
層	1177
狷	29
琴	912
哉	19283
麾	168
決	24723
僕	2192
鎊	1
慼	1372
臭	3586
鶉	80
消	9017
坊	1647
猍	1
樝	68
駃	161
櫻	29
謠	119
厘	37
瞞	244
隟	37
婭	3
鹺	2
証	1
儍	4
肞	2
搗	169
柳	1168
離	152671
澌	26
寱	91
怗	89
泥	13563
抨	103
塷	1
倏	332
烝	83
戛	4
雅	8453
畹	10
鼙	64
褆	3
恤	279
銀	6239
膈	25
玨	15
儱	29
羅	288283
饜	27
欵	262
挌	39
勖	1
磚	46
虘	9
齃	3
摛	76
鶈	2
刈	395
藳	2
芹	23
擥	30
為	671806
剮	3
漵	6
猒	102
趹	2
蓎	1
垜	11
篦	192
噴	159
右	26173
綿	1718
猫	539
潰	323
囅	11
酷	509
輪	39482
身	251533
餟	16
」	250001
桁	84
咂	55
詮	7057
烈	1134
婗	2
芰	24
張	5667
寙	14
熢	29
盰	4
倗	2
涔	13
瓀	1
冦	6
焬	50
囮	2
芮	80
鵂	209
穹	137
桒	4
叉	18289
渏	1
饖	3
蟙	5
贏	71
蒪	1
踽	3
浡	22
蟱	2
雲	25858
稓	6
眰	1
殀	43
～	3
ṣ	2272
肭	2
穀	5397
倛	8
嶇	79
黨	2015
呆	108
驗	5053
喏	237
巡	1203
酸	592
笳	70
頮	5
樷	1
丌	14
詛	229
裒	55
偌	1
衇	9
倫	3162
躪	2
羼	1271
欑	9
拶	456
鸗	1
翮	118
蒹	23
鑣	50
首	25608
睵	1
戔	81
陿	164
廷	542
焫	3
傅	925
摷	21
挑	599
梗	297
闡	4365
吉	18652
蚧	4
砶	1
倓	12
飴	86
辰	2037
桶	259
帖	650
眉	3141
萆	9
疲	4134
鈆	26
罟	56
噵	190
蝭	9
汹	8
貊	25
蚢	4
尻	103
陯	1
颭	5
挼	40
俔	2
汎	1080
篋	910
躇	161
廐	80
宼	8
巖	3903
礲	4
樔	42
諳	288
刲	13
撣	29
歲	16517
捥	19
眐	2
眎	9
枃	1
蚰	67
賮	11
投	6233
倅	25
網	17146
褊	143
亽	3
遽	797
攂	8
踄	2
斅	10
慍	150
屹	259
俁	34
謼	14
棡	2
孾	59
अ	1
葺	168
