明日	1
妍	1
眼睛	6
平反	1
錯	14
心膽	1
不是	24
泥	2
之中	3
看看	1
猱	1
論議	1
負	2
心	28
後面	3
怪	2
七	9
點檢	2
未	35
誥	1
不斷	2
腰	1
驚動	1
例	1
賓主	2
前	22
投子	1
鵰	1
塵埃	2
草鞋	6
興兵	1
稼	1
吾	6
暴亂	1
真知	1
祖傳	1
看	48
凡聖	1
釣	1
月	6
雖	7
三皇	4
洎	1
三句	3
動地	3
祇	2
出自	1
劉	4
露風	1
什	4
滿	2
然後	3
陛下	3
隔	3
窮	3
林	6
唐	2
曲	1
自	44
打成一片	3
次第	1
東邊	1
絲毫	2
精魂	1
棒喝	1
懆	1
信心銘	1
兵	2
喏	1
存亡	1
除	2
將軍	1
陷	1
轉去	2
境	5
放大光明	2
諷	2
預	1
喃喃	1
表	2
掇	3
尾	4
賣	2
重重	1
形迹	1
修行	2
縱觀	3
愛問	1
滿目	1
愍	1
悉	5
孟津	1
卒	1
由	4
服	1
翠嵒	7
打鼓	4
方丈	1
只要	2
鏡	6
深	13
秋	2
一一	6
過去	2
株	1
頓	2
絡	1
麼	66
嵓	2
春	5
悔	2
何時	1
稍	1
馬	5
牢關	1
儻	2
格外	1
魏	2
檻	2
點心	2
有機	2
踪	1
買	3
知	33
道中	2
過少	1
智	7
下	42
瘡	3
就	10
作家	10
難得	2
感	2
語句	3
亂	6
曉	1
如許	1
煅	1
門戶	1
唯	3
何不	3
韶	1
執	3
氏	2
龍	12
方便門	1
窟	12
所以	46
寬	1
設	3
士	1
堅	1
膽	1
事	42
認	1
誘引	1
贏得	1
鏤	1
來	68
貌	1
森羅萬象	2
澗	1
為	53
隻	1
打開	1
金剛	1
靜	1
咄	7
評唱	1
虛空	3
嶺	3
多少	8
碧巖錄	1
敵	1
四句	3
法戰	1
持論	1
恐怕	1
三教	1
解脫	1
公子	1
探	2
翻案	1
坐具	2
燒	2
我見	1
項	1
甦醒	1
宇宙	1
過於	4
理	4
普請	1
竪	6
三世	1
矍	1
放行	2
粒	3
跡	5
須彌座	1
雲門	24
生意	1
所謂	5
不理會	1
男女	1
太	7
張	4
人人	2
桶	7
片	2
詮	2
如何	35
暮	3
薦	1
送	1
陳操	1
轉變	1
白日	2
鬼神	1
詣	1
交加	2
一偈	1
珍重	1
法堂	9
百花	3
臥	1
金身	4
爍	3
做	2
年中	1
續	1
燭	1
毫	3
較	4
入	22
這些	2
人天	1
火炬	1
晦	1
誵	1
戽	3
尋思	1
盧	1
元	2
忽然	3
胃	1
紫陽	1
阿誰	1
曰	13
幾乎	1
在意	1
見外	1
醜	1
三十六	1
伐	1
處	113
9	12
拂子	2
透	35
大方	1
形	1
善知識	3
師子	2
天	22
體	5
洞山	4
回春	1
度	5
寧	1
炬	1
備	1
履	3
碧眼胡	1
香林	2
蛇	3
自己	8
亘	1
劫	3
酬唱	4
拔	7
喪身	4
加	2
宅	1
三月	2
千變萬化	1
眼	34
大千	1
拶	10
師兄	1
今	9
辛	3
舉起	1
王	9
心王	2
干涉	1
教	19
垢	1
恐	7
無礙	3
塌	1
不受	1
雞	1
禹	3
吟	1
奚	1
大興	1
跨	2
縛	2
赭	1
舉	27
餘	2
我	37
不可	9
問道	3
海	3
志氣	1
倒	4
明白	19
邪	3
三級	5
囂	1
巖	6
剪	1
宗	6
主	10
倚	2
規矩	1
太阿	2
殺戮	1
述	3
付囑	1
那	9
【	10
末法	1
方回	1
羊	1
牆	1
丑	1
使	6
梓	1
帳	1
擾	2
守株待兔	2
藏主	1
舍	2
傳法	1
却是	2
大悟	6
有人	5
求人	1
坐化	1
禮拜	8
成道	2
魏孝明帝	1
僧堂	2
草草	2
得失	4
莫道	3
機宜	2
鬼	3
圭	3
會	33
英	1
前來	1
三昧	1
瞌睡	1
也	162
嚼	2
生	63
暗	2
三軍	2
十五	7
多	24
作賊	2
書	9
計較	6
飛禽	4
氷	1
胡亂	1
蕩	1
撓	1
望	4
尊宿	1
帷幄	1
可貴	1
世	5
輸	2
屈	4
興	1
特	2
老僧	10
向上	6
善用	1
打殺	1
2	32
垂	6
命脈	2
威	2
宗教	3
寂滅	2
了然	1
撥轉	1
猶在	2
曹源一滴水	2
哉	6
牛頭	3
攙	1
狼籍	3
夫子	1
開示	1
特地	2
闔	3
料簡	1
光	6
共	3
既	17
中說	1
好手	1
僧	47
未免	1
消去	1
不知	28
三重	1
題	2
許多	6
常人	1
咦	2
怎	1
四智	1
脈	2
阿	3
大智	1
道生	3
撲	1
賓	2
樂業	1
不顧	2
畜	2
罅	1
當陽	1
口	7
喜捨	1
符	1
軍	2
驢年	1
驢	2
船	1
狀	1
西江	1
明明	1
寐	1
攀	2
燃	1
好	22
謬	2
玄	4
看來	3
鷂子	1
未曾有	1
不肯	1
逆行	1
遂	23
幸	1
參透	1
語	34
後魏	2
失	18
傲慢	1
逸	1
寧靜	1
開口	4
空腹	1
安營	1
癸	1
復	11
七花八裂	3
穿過	1
遊歷	1
匹	6
中盤	1
髑髏	4
九	3
取	16
渾	1
扶	4
一百	1
何故	9
滅	8
推	2
萬古	2
向	52
嗅	1
歸敬	1
話頭	1
痕	2
嘮嘮	2
不敢	1
不復	1
堅固	1
大藏經	2
便當	1
脫	10
赤	4
知法	1
北	2
金	2
變	2
視	3
中有	3
名	2
廓然	4
拈古	1
家珍	1
懃	1
合轍	1
潛	1
光照	1
算	1
所	10
破	6
更	29
喻	1
乾坤	3
端	16
至今	1
大慧禪師	1
指東劃西	1
湊	4
喫	9
逢	3
太孤危生	1
徹底	1
下放	1
刻	2
百丈	1
心肝	1
讚	4
顯赫	1
且	81
愛	2
沒	15
吹	9
菩提	2
途	1
戊申	1
太虛	2
勘	3
有為	2
帝	14
婆子	1
無為	1
霧	1
廷尉	1
正眼	1
行	15
牧牛	1
一千	1
意	29
大師	5
按	1
能	17
夢見	1
第	2
煙	5
承嗣	1
巧	2
同時	4
無法	1
銀	1
方名	1
變則	1
價	2
古	4
絲	1
探竿影草	1
禽	2
便道	6
逃	2
何	39
歸家穩坐	1
吏	2
逝	1
坐	15
西堂	1
心機	3
行脚	5
江	5
謹	1
差	5
佛果圜悟禪師碧巖錄	2
長	4
東單	1
樓	1
序	3
興化	3
逡巡	1
通	9
牖	1
岐	1
枷	1
弟子	1
疎	2
楔	3
血脈	3
魚	10
蠢動	1
道友	1
匝	3
刺	1
翳	2
單	3
軌則	2
中國	2
牙	2
十方	2
覆	2
億	1
忍辱	1
摩訶	1
外	4
賣弄	1
苟	2
壑	1
無限	3
威儀	3
可	17
鉸	1
非有	1
夜	4
子實	1
鑿	1
正法	1
敢	3
廊	2
周	1
右	1
至於	2
德山	25
浩	2
風	8
解道	1
憑	1
岸	2
龍門	2
乾	3
諸子	1
三	33
格	2
藏	4
旗	1
將	21
青天	2
一般	2
橛	2
真珠	1
易	11
明珠	1
笠	1
蹉	5
劄	1
局	1
深潭	1
滯	1
裏	83
回	12
齋	1
後得智	1
本性	1
石霜	1
撤	1
三毒	1
驚天動地	1
佛身	1
雲	4
互	1
青山	1
伴	1
說話	5
信道	1
所在	1
講	3
天帝	1
中	43
村	1
天上	2
盲	1
前事	1
示眾	11
一下	1
啞子	1
輥	1
好看	1
短	2
雖然	5
日月	3
一時	16
得名	1
切忌	7
香	3
只贏得眼睛也落地	1
門外	1
別處	1
日日	1
有無	1
不信	2
臨機	2
郎當	2
揮	2
識	25
退	8
凝	1
更為	2
十八界	1
拽	1
及至	1
憶	5
直下	6
齲	1
不論	1
三明	2
缺	2
箭	8
甚	6
雷聲	1
成公	2
渾身	1
穿	8
焚	2
唾	2
見聞	1
機變	5
現在	1
證明	1
接	5
星	2
剖	4
如實	1
未來世	1
事相	1
邪法	1
桃花	1
有	137
初機	3
梯	1
嗔怒	1
應	2
貶	1
下去	1
叢	1
眾	10
訥	1
干	2
人間	1
座主	1
六時	1
空中	1
漢	27
轉身	3
委	1
度僧	3
害	1
胡來	2
澧州	2
置	3
普照	2
熊	1
丹霄	2
齊	4
不免	4
7	9
雪	3
歸	6
畢竟	6
豈可	2
倒一說	1
追憶	1
六十	1
過患	1
抑	3
厚	1
金翅鳥	1
時	30
文字	8
宗旨	1
改頭換面	1
二百	1
璧	1
鄉	1
泥水	1
悲	3
見	77
疾	3
盡	32
恁	1
不容	2
紫	1
齶	1
愁	5
入院	1
單于	1
訓練	1
種種	1
出群	1
搽	2
上周	1
生擒	1
大善知識	1
叢林	1
咬嚼	2
得佛	1
覺知	1
乃至	1
結草	3
身處	1
權	1
具	15
上座	2
方知	2
字	5
竭	3
不住	2
曾	5
諡	1
相似	20
聚頭	1
撼	1
叨叨	1
詩曰	1
勝	3
活	11
頂門	3
三十三天	1
隔絕	1
靈泉禪院	1
教壞	1
喃	2
二	15
國	7
超	4
追	4
平鋪	1
偏	1
東	10
道光	1
古人	34
跳	7
德	1
未來	3
勞	5
空生	3
騎	9
當	14
瞠	3
同	5
釘	4
洞然	1
震	1
折挫	1
草	17
臺	1
至聖	1
饒	15
勇健	1
耶	5
近日	2
汁	1
祖	11
上士	1
正	5
順行	1
多用	1
棒	16
遭	3
獅子	3
平生	7
〇	1
豈	10
四月	2
細	2
窄	1
殺人	3
衝	2
普賢	1
截	3
入室	6
一直	1
頭頭	1
頭道	2
飯頭	2
應用	1
提起	2
壁	2
可以	3
用	23
末	4
人家	1
見道	1
身上	1
雪上加霜	4
滿面	2
倡	1
六波羅蜜	1
非難	1
惟	4
北門	4
存	3
埃	2
默	1
把	4
正路	1
敗	5
發	3
道理	7
悲心	1
時時	1
閃電	6
競	2
鰕	1
韶陽	1
打破	6
浩浩	1
在位	1
碧巖	1
假	2
如此	28
禪宗	1
新	4
奉	1
此	64
獨步	2
鋒鋩	2
東家	1
去	65
拂	2
不覺	1
流血	1
後	26
一半	1
俗諦	1
廣	10
第三	3
頭	20
中道	1
行者	1
湯	1
晚間	1
鞠	1
什麼	89
帶累	3
印	2
兒	7
彼	6
大似	3
參學	1
不在	17
新鮮	1
同行	1
祖師	11
妄語	1
報	2
難為	4
弄	2
携	1
囗	1
節	3
以	27
端居	1
一大藏教	2
安穩	1
果子	1
犯	4
須	37
清風	5
坑	1
粟	3
畢	1
勘破	11
鼻	2
靈	3
影	2
鳥	1
欵	5
胸	3
言說	1
簡編	1
全機	1
汝	21
見處	4
仞	1
成	8
親近	1
掃除	1
家風	2
必	3
位	1
眼目	2
萬般	1
性	4
諳	2
騰	1
大自在	2
起	17
惡水	1
一等	3
數	5
步	4
五帝	4
見諦	1
須知	2
散	4
轉語	1
錢	9
助	1
郎	1
放光般若經	1
理事	1
居士	1
蒼龍	3
雪竇	95
壽	1
趨	2
句	34
衣	3
虎口	1
倏忽	1
尊	4
上	33
乘	3
腦後	2
換	5
芥	2
受	1
戰	1
平常	2
點字	1
過	26
溺	1
青	1
分明	4
味	2
面前	3
遊	2
梁	1
萬仞	1
嗣	1
真假	2
告	1
謗	3
頤	1
出眾	2
因緣	2
金剛喻定	1
惺惺	1
一喝如金剛王寶劍	1
開眼	2
監院	3
充滿	1
些	11
真如	2
日後	1
輕輕	1
煒	1
裓	1
思惟	1
不宜	1
鏘	1
氣息	1
个	2
甲辰	1
令	9
幾	7
斯	1
吉日	1
隨後	1
亭	2
針	1
張弓	1
面壁九年	1
賊	9
全	6
灰	1
棺木裏瞠眼	1
據	5
盲引眾盲	2
選佛	1
譍	1
顯	2
極	13
龜	1
嶮	4
翁	1
淘	1
任	2
拖泥帶水	1
天際	2
鬃	1
別人	5
餘年	1
卜	2
大用	3
思量	2
妙	4
管	3
載	4
聖諦	4
塞	1
晚	2
碧玉	1
合	5
嵎	3
東南西北	1
七支	1
大地	13
田地	2
自由	2
鄙	1
結案	2
縫	1
萬物	1
抽	3
吐	2
己	4
食	2
商量	4
掠虛頭漢	4
大覺	1
忽	3
國人	3
列	1
傳	12
悟	5
判	1
兩手	1
打	22
我愛	1
機鋒	1
喝	40
顧	5
奏	1
鐘	2
前言	1
懡	2
縱目	1
㦬	2
塘	3
煩惱	1
圖	3
有用	1
緩緩	2
達磨	24
世諦	2
至道無難	8
鳩	1
複	1
兔	1
法	11
諭	1
天堂	1
條	7
滴	1
流	3
擊碎	1
權實	1
透過	2
堂	5
憂	2
說道	1
心印	3
消	2
歡喜	1
何在	2
子	24
米	5
四百	1
自然	14
情	22
寒毛	1
幄	1
覿面	2
相續	2
目	1
車行	1
當頭	2
恨	1
見人	1
逈	1
大士	4
不識	9
辯	1
閫	2
却	62
籠	1
瑕	3
泣	1
十六	2
不足	1
搥	1
三皇五帝	1
風行	1
落草	3
年庚	1
摧	1
審	1
量	1
於是	2
掀	3
南山	1
推出	2
烏龜	1
自在	3
第二	4
內人	1
三身	1
鹿	1
忌	1
閉	1
清	2
彰	2
走	1
開堂	1
破滅	1
老	6
人天眼目	1
問訊	1
東土	1
丁	1
家用	1
方便力	1
陞	1
值	1
正好	1
三七	1
垂示	11
洗	2
懼	1
妖	1
罕	2
方冊	1
頂	2
霜	3
第四	2
諸	24
一種	1
永	1
策	1
丈夫	2
一言	2
唯嫌揀擇	6
邪見	1
相見	11
鋒	2
傷	6
場	5
一齊	1
院主	3
泛	1
喧	1
擬議	5
簿	1
迷	2
凝滯	1
陳	1
下筆	1
侍立	1
抑揚	2
計	2
客	3
境界	1
終	4
帖子	1
本色	1
苦	2
不落	2
大難	2
慶	2
喜	13
室	1
忙	4
未曾	2
一代	1
1	78
敗軍之將	1
頌	42
門首	2
握	1
力	2
明	15
嗟	1
惹	4
老婆心切	2
愚	1
相	24
孫	1
輝	1
鐵橛子	1
諸法	1
褒	1
鎁	1
夾山	3
稱	1
覓	5
西	14
撈	1
登山	1
見性	3
馬頭	3
奇特	25
況	2
地	32
棄	1
宗風	1
盆	3
拯	1
抄	1
臭	1
種族	2
是	246
超出	1
附	1
焉	3
究	4
本	6
出國	4
尚	2
番	2
拙	2
讞	1
靠山	2
疑	3
而已	2
睨	1
三十	9
封一	1
淺近	1
奪	7
旨	3
略	2
般	18
論	7
困	1
來日	2
萬	7
揭	1
廓然無聖	4
醍醐	1
戮	1
焚燒	2
擊	9
十字街頭	1
號曰	1
宋	1
聊	1
調	1
癡	5
雪峯	11
童子	1
利劍	1
自性	1
慧超	7
六	7
剗	1
落地	1
海晏	1
而	47
一字禪	2
一本	1
峻	3
不無	1
淘米	2
勤	1
須要	1
否	3
西北	1
左右	1
後來	7
安	1
覲	1
招	2
出世間法	1
雨	3
漫漫	2
焚香	1
莖	5
一着	2
理論	1
精進	1
李廣	2
魔軍	4
智門	1
後學	4
咨	1
日	24
瞎	11
鳴	1
袖	2
內	4
兩頭三面	1
舞	1
大丈夫	1
作用	1
觀	8
合作	1
那邊	1
鱉	1
杓	1
精	2
族	2
二字	1
慚惶	2
忍痛	1
肘	1
從前	2
茶	2
財	1
西邊	1
辜負	5
哲	1
露	7
銷	2
韶國師	1
本來	4
烹	1
沙	4
唧𠺕	4
契	2
黃龍	1
肉	1
罪	1
龍頭	1
羚羊	1
飲氣吞聲	3
棙	1
覰	1
子細	4
朝	3
這	127
丙	2
世間法	1
劫奪	1
撥開	1
雷	1
挈挈	1
胡	12
鉤	3
酬	3
故	9
圓	2
珠玉	1
有餘	2
近	2
蒲團	1
舌	3
念念	1
令人	3
釋迦	3
武帝	8
訝	1
之後	1
四天下	1
剸	1
靈樹	7
凡是	1
貧	1
動著	5
置於	1
)	155
接引	1
捋	2
懷	2
萬里	1
不到	1
華	1
公案	21
寺	3
三字禪	1
言	38
尋常	11
傑	1
圈繢	1
直	32
傍	3
西家	1
踏	5
尊者	5
寫照	1
天子	1
起來	2
運籌	2
遭罪	5
莫	24
詩家	1
詐死	1
獲得	3
鉗鎚	3
敲門	1
頭角	1
後頭	1
墜	1
舒	1
擯	1
凜凜	1
黑	3
當時	11
一	116
五祖	2
叫	2
睦州	13
天性	1
歸宗	1
傍人	3
云何	1
底	34
攀緣	1
注脚	1
葬	1
眉毛	5
同參	2
顏	1
五蘊	1
顛	1
理會	2
三門	1
路	7
示	4
呵	2
潦倒	2
染	1
模	1
飛	2
咂	2
受記	1
為人	12
剔	1
決不	1
參詳	1
岑	1
寢	2
果然	11
合子	1
亦	33
猶	13
止	4
志	13
鐵眼	1
部	1
斷	8
聽取	1
剎那	2
盛	3
逆順	1
怨	1
指	10
世間	2
東堂	1
承當	2
漏逗	3
壁立	2
沈	1
答	16
8	8
堪	8
龍頭蛇尾	1
殺人不眨眼	3
之下	1
造次	1
無人	4
鐵	2
蠛蠓	1
剖析	1
山河	2
般若	2
亡羊	1
擐	1
知見	1
老人	3
遣使	2
和尚	16
搊	2
宗師	5
不會	4
出事	1
不出	7
虛	4
矣	6
鶻	2
倒退	2
參請	2
內外	1
渡	1
英靈	3
道一	2
適	7
別	6
期	3
畫	1
啟	1
不得已	2
第一義	4
槌	1
擔板漢	1
俾	1
彎	1
膠	1
野	2
平	2
庵	3
談	1
刊	1
獲	3
蓋	15
摧折	1
兢	1
四	13
渡江	5
鑽研	1
花	9
醯	1
鼻孔	6
牛	5
真實	1
乃	18
河	1
方	33
密	1
舊	3
物	9
迦羅	3
早	3
封	1
自古	1
邈	1
善	7
大才	1
惜	7
說破	1
釋子	1
4	46
忘	4
不移	3
年	8
然而	3
數人	1
功	3
粉骨碎身	1
明心	1
憎愛	1
汝等	4
義	2
天花	2
丙丁童子	1
賴	4
者	33
福	1
則是	3
意根	1
非	8
大乘	2
溈山	26
浩大	1
參	19
不少	5
老婆	2
八字	1
交涉	17
徐行	3
趙	2
劒	1
卓	1
只	38
彌勒	1
拄	1
釋氏	3
秦	2
何須	1
含	2
相罵	2
代宗	1
學	6
馬大師	3
賺	3
切	2
徹骨	1
翠巖	5
救	6
觀音	7
喚	10
勿	1
多種	1
寫	4
髓	1
見解	9
屎	1
響	1
徇	1
糍	3
蹟	1
學者	4
二老	1
詐	1
未可	1
無身	1
聽	2
終身	1
決	2
掛	1
方便	3
千古	8
流出	1
宣	1
宴坐	1
訛	4
至	24
官府	1
帝釋	1
始	28
馳	2
死	12
昭明太子	1
老漢	17
殊	8
爾	59
馬大師不安	2
驀	2
珍	1
朗	1
欲	4
白	3
火	13
收	4
要	11
伎倆	2
總	7
是非	4
額	2
箇	88
啼	5
槃	1
墮在	1
真俗不二	1
萬劫	1
捉	7
角	3
接人	5
氣概	1
不	122
語言	5
脚跟	8
老賊	2
從來	2
拄杖	3
太平	1
帶	4
神	3
言語	3
充塞	1
香客	1
注	4
下口	2
姓	1
羝	1
豈不	4
纔	15
手脚	7
肯	1
股	1
萬象	1
山中	1
不再	3
一星事	1
昔年	1
帥	1
粵	1
毀	2
不問	3
頒示	1
不退	1
豹	3
人道	2
誑	1
卷第一	2
塵	3
規	3
足	2
但	5
蛟龍	1
妙覺	1
稷	1
著語	6
路上	1
只管	12
經疏	1
a	22
解包	1
八	7
玄微	1
化緣	1
至道	1
隊	2
關捩子	2
退步	1
柰	2
讀	1
佛心印	3
一切	1
陞座	1
果	2
憤	1
弊	1
菩提流支	1
舉一明三	1
未有	2
便	66
用處	2
洒洒	3
利益	1
幾曾	1
常侍	1
精神	1
甲	1
齴	1
畔	2
開門	1
出世	4
文殊	1
鬚	2
古今	2
剜	1
行動	1
據傳	1
又	43
澤	1
轉	10
末後	9
南方	2
遠	11
自家	1
不用	1
罵人	1
罪過	1
蒼	1
苦瓜	1
手段	5
禪門	1
鑊	1
更加	1
隨	8
揀擇	8
坐斷	10
執法	1
秋收冬藏	1
見到	2
臨濟	2
元年	1
今後	2
盡力	1
檐	2
病	3
曹山	1
乎	9
大	14
第一句	1
不行	1
高聲	2
偷	2
謾	5
肚	2
丙丁	1
大綱	2
御	1
蚊	1
竇	2
懺悔	2
潭	6
微塵	1
粘	3
江西	1
它	1
錄	2
虜	2
臧	1
撞	1
父	1
接嘴	2
尚書	1
山僧	9
上下	3
七穿八穴	1
四方	1
貫	1
諸天	1
面	6
觸	5
輓	1
心境	1
人我	2
可惜	2
獰	1
道	179
欺	2
劈頭	2
輩	1
獨	2
久	6
擎	1
矢	1
c	13
天下	23
廢	2
丈	6
王詔	1
成敗	1
漏	1
鼓腹	1
布	1
五百	3
體空	1
纖	2
請益	4
先	9
猿	1
一字	3
罵	2
做作	1
出頭	5
狐	1
忒殺	3
羃	8
勢	1
山	33
想	2
然	11
濁	4
鷓鴣	5
遣	2
烏	3
似	52
獨尊	1
那裏	10
求	11
拏	2
趣	1
照	9
微笑	1
咎	3
大凡	4
平穩	2
指令	2
橋	1
旋	3
波瀾	1
法眼	23
垂語	2
礴	2
珠	1
突出	1
拓跋氏	1
師傅	1
免	3
低頭	1
油	3
人心	4
不妨	23
靜心	1
四維	4
固有	1
孰	2
自由自在	1
無	98
虎	6
各	1
刃	1
鞋	1
舊曆	1
老子	2
豁	2
下生	1
其	20
凡夫	1
衲僧	12
為什麼	12
試	8
着	2
詔	1
侍者	7
佛	25
話	5
保福	9
問世	1
兩	23
無有	4
b	13
包	1
付	1
並立	1
轢	1
茸茸	4
哀	1
放下	2
門	29
定林寺	1
納	1
活計	5
知音	2
長短	1
茶飯	1
耕夫	2
正當	1
聖	9
臨時	2
舟	1
不得	21
一句	21
昂頭	1
功德	4
朕	5
身	9
稜	1
屏風	1
人見	4
輪	4
裸	6
候	2
安泰	1
昔	2
師子吼	1
獸	2
枯木裏龍吟	3
半	8
也是	3
遙觀	1
驗	6
少	6
拍	2
反	2
請	7
野狐精	6
依舊	6
嚮	1
藥	1
相識	1
合眼	1
說法	3
悲歎	1
禪	11
設使	3
城	4
間	2
只是	20
早知	1
銅	1
裹	1
涉	3
開戶	1
車	1
當面	3
只得	2
地底	1
雄	1
生生	1
劍	8
眼前	1
新羅	3
遺	1
慈悲	6
庭	2
射	3
龍潭	4
辨道	1
摸索	8
走向	1
荊棘	6
性空	1
[	50
凡	5
隅	3
仁義	1
不必	1
趕	3
操持	1
道路	1
萬人	1
阻	1
慳貪	1
巴鼻	2
之	118
予	1
著眼	2
大藏	1
參禪	2
造	1
辨	19
都	4
墮	5
怕	2
爭	10
乙巳	1
之外	1
胸中	1
到來	1
繫驢橛	1
明察	1
普通	1
臂膊	1
段	5
斬	3
十三	1
偃	2
放過	6
出身	2
毒藥	1
方能	2
碑文	1
羅	2
袈裟	1
黃金	1
辦	1
集成	1
疏	4
繞路	1
玄沙	1
熟	2
上月	1
彌勒佛	1
謂	26
不遇	1
金剛經	2
依	8
夏	6
揚	2
年歲	1
逐	4
不為	5
佛心天子	1
大機	1
律	1
木	2
箭鋒相拄	2
日日是好日	3
往復	1
血	3
帷	1
待	3
一言半句	7
躬	1
擬	3
落	24
虧	1
十	2
嚴	4
三乘	2
星辰	1
急	4
繫縛	1
妄	1
分開	2
五千	2
文	5
河南	4
何以	1
石	7
扶籬摸壁	1
不如	5
@	1
毛	1
合取口	1
某甲	7
命	4
甞	3
扣	1
舊時	1
挾	1
八正	1
婆羅門	1
惑	2
致	4
風光可愛	1
爛泥	1
浪	6
引	3
還有	6
開	15
譚	1
纖毫	1
超聲	1
安心	1
過來	1
相對	2
也好	4
首	2
四十二章經	1
鰲山	2
徹	2
體現	1
斬斷	1
深入	1
*	7
貴	1
玉	2
兄弟	1
人種	1
一境	1
不同	2
點	11
因	6
正是	1
褊	1
作案	1
遇	6
道德	1
比	2
繫	1
相應	2
四十八	1
即	21
飯	3
徒	3
活捉	1
案	3
出來	4
雕琢	1
巨	1
奇	1
在	83
傷殘	1
窠	4
彩	2
禪床	2
屋	1
集	1
愛網	1
其次	2
夫	2
道者	1
難處	1
初	9
5	13
禪和子	2
鵝湖	2
遍	1
州	22
一喝	9
供	1
剛	1
大事	2
漆	5
難	25
不能	5
亡	1
猛利	1
截斷	8
弓	3
射殺	1
玷	2
到處	1
踞	4
板	3
論說	1
大行	1
謳歌	1
提	3
屙	2
重	12
南宗	1
萬法	1
頌古	4
決定	2
吸	1
及	3
呵佛罵祖	4
決勝千里	1
淵源	1
真俗二諦	1
藩	1
已	33
泯	1
昨日	1
聊城	1
家	7
天地	1
上堂	1
一路	1
好惡	1
錦衣	1
大眾	6
回首	1
貼	1
法空	1
奈何	1
驟	1
不通	2
水到渠成	1
寒	2
完全	2
睛	1
後人	5
號	2
寮	1
三生	2
師	17
今日	4
神妙	1
樹	5
因此	2
宋雲	1
的	6
春風	5
放	5
東西南北	2
消息	6
弈	1
排	1
泊	4
并	1
接物利生	1
披	1
攫	1
碧巖集	3
如是	6
受用	2
慧	5
涯	1
慈	3
關	10
定	9
頂上	6
盤	5
說經	1
許	7
盞	1
屯	1
下文	3
梵語	2
橫	3
和	5
(	155
律師	1
殿	3
路邊	1
大小	1
分疎	1
拈	28
影像	1
杜撰	1
涅槃	3
債	1
成佛	6
禮	2
不大	1
飄蕩	1
處在	1
六賊	2
秉	1
足下	1
法界	3
時節	4
不解	2
向下	1
江南	1
機電	1
降魔	1
對	15
被	19
尋	2
發憤	2
雨點	2
潑水	2
餅	1
布施	1
舜若多	5
塗	2
艱難	1
用心	1
年來	2
舌頭	7
若	75
問	72
何必	1
順風	1
回頭	2
禪師	8
實	5
啐啄	2
推測	1
鐵餕饀	1
密使	1
拂拭	1
行市	1
塵勞	1
智者	1
百	4
脚	7
敬重	1
3	11
牘	1
刀	4
撰	1
忖	1
一舉	1
念	2
紙	3
露出	1
才	4
不曾	4
明鏡	1
不堪	2
錯用	1
人相	1
塹	1
出海	1
所見	1
不管	2
恁麼	53
往	3
公	17
不及	1
他	129
了	43
漸	1
化作	2
掊	1
全真	1
獘	1
休	9
草木	1
磨	4
五比丘	1
長慶	9
趙州	28
當下	2
未嘗	1
之際	1
絕	6
大王	2
如今	15
摩竭提國	1
奉使	1
或	6
無明	3
千里	2
太廉纖生	1
再	12
如	52
從	14
鮮	1
大敗	2
登	2
茲	5
宜	2
斗	1
聲	9
事界	2
南門	4
莫如	1
真諦	1
人	128
金剛王寶劍	5
玄妙	2
沙門	1
第六	1
固	2
炭	1
機	14
下來	1
衲子	2
本末	1
空	6
出去	10
意識	2
再生	1
認定	1
本分	9
鈔	4
纇	1
臣	3
科	1
飢	3
遲	1
聱	3
五臟	1
母	1
得	143
串	4
並行	1
諱	1
約法	1
不待	1
挨	1
結	1
惡念	1
溈	1
垂手	3
斥	1
投	1
橫身	1
薩	1
體勢	1
蜀	1
]	50
往往	5
無奈	1
轍	1
縱橫	1
抵對	1
常	4
鏌	1
枯木龍吟	3
何似生	1
東坡	1
婁	1
彌天	1
領	7
海神	1
五位君臣	1
婆	4
意旨	3
解	15
執著	1
與	56
三千	2
鐘聲	1
境相	1
不二	1
根	2
建炎	1
術	1
問事	3
徐徐	1
真	4
奔	1
有時	16
初八	1
不上	1
青天白日	1
驅	2
梁武帝	2
破壞	1
算數	1
喪	1
妄想	2
十二分教	1
刺破	1
芳	1
席	1
隔山	1
流布	2
一邊	1
用作	1
異	2
親	7
分外	2
手	14
等	7
狂言	1
魔子	2
戶	1
須菩提	1
解會	5
諦	1
免得	3
粥	1
樣子	1
冷眼	1
器	1
拔萃	1
佛法	6
覺	2
俟	1
首座	12
清淨	1
兩邊	2
直心	1
光明	2
葱嶺	1
魔	1
護	7
孤	9
折	1
稼穡	1
住	9
窮諸玄辯	1
越	3
答話	2
證悟	1
文章	1
雀	2
敘	1
無邊	1
晨參暮請	1
脚踏	1
大匠	1
得無	1
髑髏裏眼睛	3
後設	1
論戰	2
左	1
從頭	2
作者	4
普	2
一隻眼	2
減	1
千	15
6	6
容	1
嶺南	1
正在	2
一喝不作一喝用	1
壽命	1
立	13
彈指	3
樞機	1
地獄	1
途中	3
不立	2
鐵牛	1
代	4
簾	2
走過	2
誰	19
心田	1
自殺	1
枯木	2
五	4
奈	5
隨波	1
輕易	1
縱	3
日面佛月面佛	5
鑽	1
緣	2
崔嵬	1
斜	1
既是	3
證	2
高	8
實地	1
一點	2
大慧	4
佛果	1
行氣	1
曠劫	1
喆	1
湧	1
水	19
淨	3
次	3
閑	1
著	45
一有多種	3
拳頭	1
三十二	1
撒	2
極好	1
讚歎	1
信手	1
化	6
還	17
除非	1
娑	1
二十	3
超群	1
河北	4
鎚	5
惘	1
葛藤	12
低	1
碧	1
澆	1
賤	1
以來	3
竿	1
成群	1
摸	2
劈面	2
侵	1
可謂	5
思	2
正法眼藏	1
礙	1
省	2
不見	20
大宗	1
聞	16
俱	5
神通	1
虎頭	4
不了	2
繼	1
眾生	1
平實	1
動	3
光統	1
灼然	2
色	3
四千	1
東南	1
鬣	1
昂	1
去取	2
志向	1
一生	1
雨花	4
安邦	1
一日	9
八面玲瓏	1
贊	1
拋	3
安排	1
呈	9
建立	2
土	4
寨	1
於	36
異見	1
耳	3
離	6
其實	1
皆	14
峯	13
種	2
南	3
灑灑	2
闍梨	1
揩	1
章句	2
猶如	1
伏	2
工夫	3
愈	2
三百六十會	1
過後	1
甚至	1
作	91
目機銖兩	1
座	2
汗馬	1
背	7
爐	1
汾陽十八問	1
寓	1
嘆	3
出	39
王侯	1
面壁	1
怡然	1
到	52
學人	1
四海	1
清明	1
屬	1
滅佛	1
兼	1
0	73
流水	4
蒼天	2
比丘	1
搜求	1
益	1
世尊	2
現	2
好心	1
曳	1
咬	3
鞭	1
便是	6
般若波羅蜜多	1
骨	1
撮	4
外道	2
三寶	1
圜悟	5
殺氣	2
打劫	1
焉知	1
抉	1
強	2
生處	1
便宜	1
留	1
養子	1
歟	1
獄	2
頭上	7
擔	1
歷代	1
夜間	1
無風起浪	1
曹溪	2
瞞	1
鑒	2
知過必改	1
兩面	1
西門	4
轉生	1
謀	1
殺	14
生死	3
波	1
兩句	5
空處	1
卷	4
喚作	8
不許	2
若是	15
】	10
十八	2
指南	1
逆水	1
唱	2
臘月	1
陽	2
復有	1
一線	1
東門	4
輕忽	4
幽谷	1
專	1
現前	3
欲火	1
云	200
說	43
君	8
分	12
怒	1
歷	1
節角	3
恐龍	1
則	44
飛騎將軍入虜庭	1
大德	3
日中	1
。	3115
