reference_no,citation
848,"Abé, R 1999, p. 550."
848,"FGDB, s.v. 大日經."
848,"Goble 2019, pp. 25-69"
848,"Lancaster 2004, s.v. K 427"
848,"Wayman, Alex and Ryujun Tajima 1992, The Enlightenment of Vairocana, Delhi: Motilal Banarsidass Publishers."
848,"Metropolitan Museum of Art 2009, Womb World Mandala, https://www.metmuseum.org/art/collection/search/75348 , accessed 2021-09-14"
848,"Nanjio 1883, p. 122."
849,"Giebel 2005, p. xv"
850,"Giebel 2005, p. xv"
851,"Sørensen 2011b, pp. 599-600"
851,"Giebel 2005, p. xv"
852a,FGDB s.v. 玄法寺儀軌
852a,"Giebel 2005, p. xv"
852b,"Giebel 2005, p. xv"
852b,"Giebel 2011, pp. 27-36."
853,"Giebel 2005, p. xv"
854,"Giebel, 2011, pp. 27-36."
855,FGDB s.v. 青龍寺儀軌.
855,"Giebel, 2011, pp. 27-36."
856,"Giebel, 2011, pp. 27-36."
856,"Lancaster 2004, 'K 1364'"
856,"Nanjio 1883, p. 311, no. 1395."
857,"Giebel, 2011, pp. 27-36."
857,"Lancaster 2004, 'K 1362'."
857,"Nanjio 1883, p. 312, no. 1404."
858,"Giebel, 2011, pp. 27-36."
859,"Giebel, 2011, pp. 27-36."
860,"Giebel, 2011, pp. 27-36."
861,"Giebel, 2011, pp. 27-36."
862,"Giebel, 2011, pp. 27-36."
863,"Giebel, 2011, pp. 27-36."
863,"Sørensen 2011c, p. 301."
864A,"Giebel, 2011, pp. 27-36."
864B,"Giebel, 2011, pp. 27-36."
865,FGDB s.v. 金剛頂一切如來真實攝大乘現證大教王經
865,"Goble, G. C. 2019, pp. 25-69"
865,"Lancaster 2004, 'K 1274'"
865,Snellgrove 1987.
866,"Abé, R 1999, p. 546."
866,"Giebel 2001, p. 6."
866,"Goble 2019, pp. 32-34, 138-140"
866,"Giebel, 2011, pp. 27-36."
866,"Lancaster 2004, 'K 429'"
867,"Giebel, 2011, pp. 27-36."
867,"FGDB, s.v. 瑜祇經"
868,"Giebel, 2011, pp. 27-36."
869,"Abé, R 1999, p. 545."
869,FGDB s.v. 金剛頂經瑜伽十八會指歸
869,"Goble 2019, pp. 50-54"
869,"Lancaster 2004, 'K 1289'"
870,"Abé, R 1999, p. 547."
870,"Giebel, 2011, pp. 27-36."
870,"Lancaster 2004, 'K 1291'"
871,FGDB s.v. 金剛頂瑜伽略述三十七尊心要
871,"Giebel, 2011, pp. 27-36."
872,FGDB s.v. 金剛界三十七尊
872,"Giebel, 2011, pp. 27-36."
873,FGDB s.v. 金剛頂蓮華部心念誦儀軌
873,"Giebel, 2011, pp. 27-36."
873,"Lancaster 2004, 'K 1310'"
873,"Nanjio 1883, p. 318"
874,"Abé, R 1999, p. 545."
874,"Giebel, 2011, pp. 27-36."
874,"Goble 2019, pp. 94-96; pp. 151-155; pp. 275-278"
875,"Giebel, 2011, pp. 27-36."
876,"Giebel, 2011, pp. 27-36."
876,"Lancaster 2004, 'K 1268'"
877,"Giebel, 2011, pp. 27-36."
878,FGDB s.v. 五悔
878,"Giebel, 2011, pp. 27-36."
878,"Lancaster 2004, 'K 1332'"
879,"Giebel, 2011, pp. 27-36."
880,"Abé, R 1999, p. 550."
880,"Nanjio 1883, pp. 231-232."
880,"Giebel, 2011, pp. 27-36."
880,"Lancaster 2004, 'K 1370'"
881,FGDB s.v. 賢劫十六尊
881,"Giebel, 2011, pp. 27-36."
882,"Giebel 2001, p. 6."
882,"Giebel, 2011, pp. 27-36."
882,"Orzech 2011c, p. 442"
882,"Lancaster 2004, 'K 1466'"
883,FGDB s.v. 教王經.
883,"Giebel, 2011, pp. 27-36."
883,"Lancaster 2004, 'K 1454'."
884,"Giebel, 2011, pp. 27-36."
884,"Lancaster 2004, 'K 1462'"
885,"BL, s.v. ''Guhyasamājatantra', pp. 334-335"
885,"Lancaster 2004, 'K 1418'"
885,"Giebel, 2011, pp. 27-36."
885,"Powell 2007, p. 286"
885,Wayman 1977.
886,"Giebel, 2011, pp. 27-36."
886,"Lancaster 2004, 'K 1442'"
887,"Giebel, 2011, pp. 27-36."
887,"Lancaster 2004, 'K 1434'"
888,"Lancaster 2004, 'K 1452"
888,"Nakamura 1987, p. 335"
888,"Nanjio 1883, p. 309."
888,"Giebel, 2011, pp. 27-36."
889,"FGDB, s.v. 一切如來大祕密王未曾有最上微妙大曼拏羅經"
889,"Giebel, 2011, pp. 27-36."
889,"Lancaster 2004, 'K 1155'."
889,"Orzech 2011c, p. 449"
890,"Lancaster 2004, 'K 1220'"
890,"Giebel, 2011, pp. 27-36."
891,"Giebel, 2011, pp. 27-36"
891,"Nanjio 1883, p. 234."
891,"Lancaster 2004, 'K 1220'"
891,FGDB s.v. 大幻化網導引法.
892,"BL 'Hevajratantra', p. 349"
892,FGDB s.v. 大悲空智金剛大教王儀軌經.
892,"Giebel, 2011, pp. 27-36"
892,"Keyworth 2011, p. 437"
892,"Orzech 2011c, p. 442."
892,"Powers 2007, p. 249"
893A,"BL 'Susiddhikarasūtra', p. 874"
893A,"FGDB, s.v. 蘇悉地經"
893A,"Giebel, 2011, pp. 27-36."
893A,"Lancaster 2004, 'K 432'"
893B,"Lancaster 2004, 'K 432'"
893C,"Lancaster 2004, 'K 432'"
894A,"Giebel 2001, p. 115."
894A,"Giebel, 2011, pp. 27-36."
894A,"Lancaster 2004, 'K 431'"
894B,"Lancaster 2004, 'K 431'"
895A,"BL s.v. Subāhuparipṛcchātantra, p. 860."
895A,FGDB s.v. 蘇婆呼童子請問經.
895A,"Nanjio 1883, p. 122-123, no. 531."
895A,"Giebel, 2011, pp. 27-36."
895A,"Lancaster 2004, 'K 428'"
895A,"Orzech 2011d, p. 445"
895B,"Lancaster 2004, 'K 428'"
896,"Lancaster 2004, 'K 1152'"
896,"Nanjio 1883, p. 189, no. 822."
897,"Goble 2019, pp. 28-32"
897,"Orzech, Payne, and Sørensen 2011, p. 10"
897,"Shahar 2017, p. 77."
898,"Giebel, 2011, pp. 27-36."
899,"Giebel, 2011, pp. 27-36."
899,"Orzech 2011b, pp. 326-327"
900,"Giebel, 2011, pp. 27-36."
901,"Davidson 2011, pp. 23-24."
901,"Lancaster 2004, 'K 308'"
901,"Shinohara 2014, pp. 40-41"
901,"Orzech, Payne, and Sørensen 2011, p. 9"
902,"Giebel, 2011, pp. 27-36."
902,"Lehnert 2011, p. 352"
903,"Giebel, 2011, pp. 27-36."
903,FGDB s.v. 結護.
903,"Lancaster 2004, 'K 1336'"
904,"Giebel, 2011, pp. 27-36."
905,"Giebel, 2011, pp. 27-36."
905,"Orzech 2011b, pp. 326-327"
906,"Giebel, 2011, pp. 27-36."
906,"Orzech 2011b, pp. 326-327"
907,"Giebel, 2011, pp. 27-36."
907,"Orzech 2011b, pp. 326-327"
908,"Giebel 2011, pp. 27-36."
908,"Goble 2019, pp. 66-67, 98-99"
908,"Lancaster 2004, 'K 1335'"
909,"Giebel 2011, pp. 27-36."
910,FGDB s.v. 梵天擇地法.
910,"Giebel 2011, pp. 27-36."
911,"Lü 2017, pp. 76-80."
911,"Giebel 2011, pp. 27-36."
912,"Giebel 2011, pp. 27-36."
913,"Giebel 2011, pp. 27-36."
914,"Giebel 2011, pp. 27-36."
915,"Giebel 2011, pp. 27-36."
915,"Lin 2017, pp. 119-146."
915,"Lancaster 2004, 'K 1331'"
916,"Giebel 2011, pp. 27-36."
917,"Giebel 2011, pp. 27-36."
917,"Lin 2017, pp. 119-146."
918,"Abé, R 1999, p. 546."
918,"Giebel 2011, pp. 27-36."
918,FGDB s.v. 諸佛心陀羅尼經.
918,"Giebel 2011, pp. 27-36."
918,"Lancaster 2004, 'K 444'"
919,FGDB s.v. 諸佛心陀羅尼經.
919,"Giebel 2011, pp. 27-36."
919,"Copp 2011, p. 178"
919,"Lancaster 2004, 'K 1134'"
920,FGDB s.v. 佛心經品亦通大隨求陀羅尼.
920,"Giebel 2011, pp. 27-36."
921,FGDB s.v. 阿閦如來念誦供養法.
921,"Giebel 2011, pp. 27-36."
921,"Lancaster 2004, 'K 1313'"
922,"Giebel 2011, pp. 27-36."
923,"Abé, R 1999, p. 550."
923,"Giebel 2011, pp. 27-36."
924A,"Abé, R 1999, p. 550."
924A,"Giebel 2011, pp. 27-36."
924B,"Giebel 2011, pp. 27-36."
924C,"Giebel 2011, pp. 27-36."
925,"Giebel 2011, pp. 27-36."
925,"Sheng 2020, p. 242."
926,"Giebel 2011, pp. 27-36."
927,"Giebel 2011, pp. 27-36."
928,"Giebel 2011, pp. 27-36."
929,"Giebel 2011, pp. 27-36."
930,"Giebel 2011, pp. 27-36."
930,"Orzech 2017, pp. 23-24."
930,"Lancaster 2004, 'K 1312'"
931,"Giebel 2011, pp. 27-36."
932,"Giebel 2011, pp. 27-36."
933,"Giebel 2011, pp. 27-36."
933,"Sørensen 2011e, p. 190."
933,"FGDB, s.v. 九品往生經."
934,"Giebel 2011, pp. 27-36."
934,"Lancaster 2004, 'K 1224i'"
935,"Giebel 2011, pp. 27-36."
936,"Giebel 2011, pp. 27-36."
937,"Giebel 2011, pp. 27-36."
937,"Lancaster 2004, 'K 1089'"
938,"Giebel 2011, pp. 27-36."
938,FGDB s.v. 釋迦法.
939,"Giebel 2011, pp. 27-36."
939,"Nanjio 1883, p. 231."
939,"Lancaster 2004, 'K 1221'"
940,"Giebel 2011, pp. 27-36."
940,"Lancaster 2004, 'K 1416'"
941,"Giebel 2011, pp. 27-36."
942,"Giebel 2011, pp. 27-36."
943,"Giebel 2011, pp. 27-36."
944A,"Giebel 2011, pp. 27-36."
944A,"Goble 2019, p. 171."
944B,"Giebel 2011, pp. 27-36."
944B,"Goble 2019, p. 171."
945,"Giebel 2011, pp. 27-36."
946,"Giebel 2011, pp. 27-36."
945,"Lancaster 2004, 'K 426'"
946,"Sørensen 2011c, p. 295."
947,"Giebel 2011, pp. 27-36."
947,"FGDB, s.v. 白傘蓋佛頂."
948,"Abé, R 1999, p. 546."
948,"Giebel 2011, pp. 27-36."
948,"Lancaster 2004, 'K 1372'"
948,"Nanjio 1883, p. 312."
949,"Giebel 2011, pp. 27-36."
949,"FGDB, s.v. 奇特最勝金輪佛頂念誦儀軌法要."
950,"Abé, R 1999, p. 548."
950,"Giebel 2011, pp. 27-36."
950,"Lancaster 2004, 'K 1290'"
951,"Abé, R 1999, p. 547."
951,"FGDB, s.v. 一字佛頂輪王經."
951,"Giebel 2011, pp. 27-36."
951,"Lancaster 2004, 'K 425'"
951,"SH, s.v. 五佛頂經, p. 113."
952,"Giebel 2011, pp. 27-36."
952,"SH, s.v. 五佛頂經, p. 113."
952,"Lancaster 2004, 'K 423'"
953,"Giebel 2011, pp. 27-36."
954A,"Abé, R 1999, p. 547."
954A,"Giebel 2011, pp. 27-36."
954B,"Giebel 2011, pp. 27-36."
955,"Abé, R 1999, p. 547."
955,"Giebel 2011, pp. 27-36."
955,"Lancaster 2004, 'K 1320'"
956,"Giebel 2011, pp. 27-36."
956,"Lancaster 2004, 'K 424'"
957,"Abé, R 1999, p. 545."
957,"Giebel 2011, pp. 27-36."
957,"Lancaster 2004, 'K 1358'"
958,"Giebel 2011, pp. 27-36."
959,"Giebel 2011, pp. 27-36."
960,"Giebel 2011, pp. 27-36."
960,"Lancaster 2004, 'K 1197'"
961,"Giebel 2011, pp. 27-36."
962,"Giebel 2011, pp. 27-36."
963,"FGDB, s.v. 熾盛光大威德消災吉祥陀羅尼經."
963,"Giebel 2011, pp. 27-36."
963,"Nanjio 1883, p. 202, no. 1010."
963,"Sørensen, H H 2011b, p. 606."
964,"FGDB, s.v. 熾盛光大威德消災吉祥陀羅尼經."
964,"Giebel 2011, pp. 27-36."
964,"Lancaster 2004, 'K 1171'"
965,"Giebel 2011, pp. 27-36."
966,"Giebel 2011, pp. 27-36."
966,"JDBT 'Shijōkō', p. 293"
966,"Sørensen 2011f, p. 240."
967,"Abé, R 1999, p. 546."
967,"Copp 2011, p. 178."
967,"FGDB, s.v. 尊勝陀羅尼經."
967,"Giebel 2011, pp. 27-36."
968,"Giebel 2011, pp. 27-36."
969,"Lancaster 2004, 'K 319'"
969,"Giebel 2011, pp. 27-36."
969,"Lancaster 2004, 'K 320'"
970,"FGDB, s.v. 尊勝陀羅尼經."
970,"Giebel 2011, pp. 27-36."
970,"Lancaster 2004, 'K 322'"
970,"Orzech, D. O. 2011a, p. 273."
971,"Giebel 2011, pp. 27-36."
971,"Lancaster 2004, 'K 323'"
972,"FGDB, s.v. 尊勝曼荼羅."
972,"Giebel 2011, pp. 27-36."
972,"Lancaster 2004, 'K 1314'"
973,"FGDB, s.v. 尊勝曼荼羅."
973,"Giebel 2011, pp. 27-36."
974A,"Giebel 2011, pp. 27-36."
974A,"Lancaster 2004, 'K 1091'"
974B,"Giebel 2011, pp. 27-36."
974C,"Giebel 2011, pp. 27-36."
974D,"Giebel 2011, pp. 27-36."
974E,"Giebel 2011, pp. 27-36."
974F,"Giebel 2011, pp. 27-36."
975,"Giebel 2011, pp. 27-36."
976,"Giebel 2011, pp. 27-36."
976,"FGDB, s.v. 佛頂大白傘蓋陀羅尼經."
977,"Giebel 2011, pp. 27-36."
978,"Giebel 2011, pp. 27-36."
978,"Lancaster 2004, 'K 1204'"
979,"Giebel 2011, pp. 27-36."
980,"Giebel 2011, pp. 27-36."
980,"Giebel 2011, pp. 27-36."
981,"Giebel 2011, pp. 27-36."
982,"Overbey 2016, pp. 257-283."
982,"Giebel 2011, pp. 27-36."
983A,"Overbey 2016, pp. 257-283."
983A,"Giebel 2011, pp. 27-36."
983B,"Overbey 2016, pp. 257-283."
983B,"Giebel 2011, pp. 27-36."
984,"Overbey 2016, pp. 257-283."
984,"Giebel 2011, pp. 27-36."
984,"Lancaster 2004, 'K 307'"
985,"Overbey 2016, pp. 257-283."
985,"Giebel 2011, pp. 27-36."
986,"Giebel 2011, pp. 27-36."
986,"Groner 2000, p. 121."
986,"FGDB, s.v. 孔雀明王經."
986,"Lancaster 2004, 'K 305'"
987,"Overbey 2016, pp. 257-283."
987,"Giebel 2011, pp. 27-36."
987,"Lancaster 2004, 'K 306'"
988,"Giebel 2011, pp. 27-36."
988,"Overbey 2016, pp. 257-283."
989,"Beghi 2011, p. 669."
989,"Giebel 2011, pp. 27-36."
989,"FGDB, s.v. 大雲輪請雨經."
989,"Lancaster 2004, 'K 1294'"
990,"Beghi 2011, p. 669."
990,"Giebel 2011, pp. 27-36."
990,"FGDB, s.v. 大雲輪請雨經."
990,"Giebel 2011, pp. 27-36."
991,"Beghi 2011, p. 669."
991,"BL, s.v. Mahāmeghasūtra, p. 500."
991,"Giebel 2011, pp. 27-36."
991,"FGDB, s.v. 大雲輪請雨經."
991,"Lancaster 2004, 'K 166'"
992,"Giebel 2011, pp. 27-36."
992,"Lancaster 2004, 'K 167'"
993,"Giebel 2011, pp. 27-36."
993,"Lancaster 2004, 'K 165'"
994,"FGDB, s.v. 仁王護國般若波羅蜜多經道場念誦儀軌"
994,"Giebel 2011, pp. 27-36."
994,"Lancaster 2004, 'K 1342'"
995,"Giebel 2011, pp. 27-36."
995,"Lancaster 2004, 'K 1322'"
996,"Giebel 2011, pp. 27-36."
997,"Abé, R 1999, p. 549."
997,"FGDB, s.v. 守護國界主陀羅尼經."
997,"Giebel 2011, pp. 27-36."
997,"Lancaster 2004, 'K 1384'"
998,"FGDB, s.v. 佛說迴向輪經."
998,"Giebel 2011, pp. 27-36."
998,"Lancaster 2004, 'K 1387'"
999,"FGDB, s.v. 守護大千國土經."
999,"Giebel 2011, pp. 27-36."
1000,"FGDB, s.v. 成就妙法蓮華經王瑜伽觀智儀軌."
1000,"Giebel 2011, pp. 27-36."
1000,"Lancaster 2004, 'K 1343'"
1001,"Giebel 2011, pp. 27-36."
1002,"Giebel 2011, pp. 27-36."
1002,"Lancaster 2004, 'K 1353'"
1003,"Abé, R 1999, p. 549."
1003,"FGDB, s.v. 理趣釋經."
1003,"Giebel 2011, pp. 27-36."
1003,"Lancaster 2004, 'K 1333'."
1004,"Giebel 2011, pp. 27-36."
1004,"Lancaster 2004, 'K 1334'"
1005A,"FGDB, s.v. 寶樓閣經."
1005A,"Giebel 2011, pp. 27-36."
1005A,"Orzech and Sørensen 2011a, p. 149."
1005A,"Sørensen 2011g,  p. 388"
1005B,"Giebel 2011, pp. 27-36."
1006,"Giebel 2011, pp. 27-36."
1006,"Lancaster 2004, 'K 422'"
1007,"Giebel 2011, pp. 27-36."
1007,"Lancaster 2004, 'K 430'"
1007,"Orzech and Sørensen 2011a, p. 149."
1008,"Giebel 2011, pp. 27-36."
1008,"Lancaster 2004, 'K 1299'"
1008,"Nanjio 1883, p. 225, no. 1025."
1009,"Copp 2011, p. 178."
1009,"FGDB, s.v. 出生無邊門陀羅尼經."
1009,"Giebel 2011, pp. 27-36."
1009,"Lancaster 2004, 'K 1279'"
1009,"Orzech and Sørensen 2011a, p. 150-151."
1010,"Copp 2011, p. 178."
1010,"Giebel 2011, pp. 27-36."
1011,"Copp 2011, p. 178."
1011,"Giebel 2011, pp. 27-36."
1011,"Lancaster 2004, 'K 324'"
1012,"Copp 2011, p. 178."
1012,"Giebel 2011, pp. 27-36."
1012,"Lancaster 2004, 'K 325'"
1013,"Copp 2011, p. 178."
1013,"Giebel 2011, pp. 27-36."
1013,"Lancaster 2004, 'K 327'."
1014,"Copp 2011, p. 178."
1014,"Giebel 2011, pp. 27-36."
1014,"Lancaster 2004, 'K 326'"
1015,"Copp 2011, p. 178."
1015,"Giebel 2011, pp. 27-36."
1015,"Lancaster 2004, 'K 328'"
1016,"Copp 2011, p. 178."
1016,"Giebel 2011, pp. 27-36."
1016,"Lancaster 2004, 'K 329'"
1017,"Copp 2011, p. 178."
1017,"Giebel 2011, pp. 27-36."
1017,"Lancaster 2004, 'K 330'"
1018,"Copp 2011, p. 178."
1018,"Giebel 2011, pp. 27-36."
1018,"Lancaster 2004, 'K 331'"
1019,"FGDB, s.v. 四十二字觀門."
1019,"Giebel 2011, pp. 27-36."
1019,"Lancaster 2004, 'K 1329'"
1019,"Sørensen 2011e, p. 190."
1020,"Giebel 2011, pp. 27-36."
1021,"Giebel 2011, pp. 27-36."
1022A,"Giebel 2011, pp. 27-36."
1022A,"Orzech and Sørensen 2011a, p. 150."
1022B,"Giebel 2011, pp. 27-36."
1022B,"Orzech and Sørensen 2011a, p. 150."
1023,"Giebel 2011, pp. 27-36."
1023,"Lancaster 2004, 'K 1113'"
1023,"Orzech and Sørensen 2011a, p. 150."
1024,"BL, s.v. Mugujŏnggwang taedarani kyŏng, p. 552."
1024,"FGDB, s.v. 無垢淨光大陀羅尼經."
1024,"Giebel 2011, pp. 27-36."
1024,"Lancaster 2004, 'K 352'"
1025,"FGDB, s.v. 如來心經."
1025,"Giebel 2011, pp. 27-36."
1025,"Lancaster 2004, 'K 1107'"
1025,"Nanjio 1883, p. 183, no. 790."
1026,"FGDB, s.v. 佛說造塔延命功德經."
1026,"Giebel 2011, pp. 27-36."
1026,"Orzech and Sørensen 2011a, p. 150."
1027A,"Giebel 2011, pp. 27-36."
1027B,"Giebel 2011, pp. 27-36."
1027B,"Lancaster 2004, 'K 436'"
1028A,"Giebel 2011, pp. 27-36."
1028A,"Sørensen 2011h, pp. 162-163."
1028A,"Sørensen 2017, pp. 65-66."
1028B,"Giebel 2011, pp. 27-36."
1029,"Giebel 2011, pp. 27-36."
1029,"Lancaster 2004, 'K 438h'"
1030,"Giebel 2011, pp. 27-36."
1030,"Lancaster 2004, 'K 1374'"
1031,"Giebel 2011, pp. 27-36."
1031,"Lancaster 2004, 'K 1327'"
1032,"Giebel 2011, pp. 27-36."
1032,"Lancaster 2004, 'K 1325'"
1032,"Lancaster 2004, 'K 1325'."
1033,"Giebel 2011, pp. 27-36."
1033,"FGDB, s.v. 咒五首經."
1033,"Lancaster 2004, 'K 1278'"
1034,"Giebel 2011, pp. 27-36."
1034,"Lancaster 2004, 'K 312'"
1035,"Giebel 2011, pp. 27-36."
1035,"Goble 2019, pp. 249-251"
1035,"Lancaster 2004, 'K 313'"
1036,"Giebel 2011, pp. 27-36."
1037,"Giebel 2011, pp. 27-36."
1037,"Lancaster 2004, 'K 1308'"
1038,"Giebel 2011, pp. 27-36."
1038,"Goble 2019, pp. 249-251."
1038,"Lancaster 2004, 'K 449'"
1039,"Giebel 2011, pp. 27-36."
1039,"Lancaster 2004, 'K 1281'"
1040,"Giebel 2011, pp. 27-36."
1040,"Lancaster 2004, 'K 1366'"
1041,"Giebel 2011, pp. 27-36."
1042,"Giebel 2011, pp. 27-36."
1043,"Giebel 2011, pp. 27-36."
1043,"Lancaster 2004, 'K 353'"
1044,"Giebel 2011, pp. 27-36."
1044,"Lancaster 2004, 'K 341'"
1045A,"Giebel 2011, pp. 27-36."
1045B,"Giebel 2011, pp. 27-36."
1045B,"Lancaster 2004, 'K 345'"
1046,"Giebel 2011, pp. 27-36."
1046,"Lancaster 2004, 'K 451'"
1047,"Giebel 2011, pp. 27-36."
1047,"Lancaster 2004, 'K 1170'."
1048,"Giebel 2011, pp. 27-36."
1048,"Lancaster 2004, 'K 1102'"
1049,"Giebel 2011, pp. 27-36."
1049,"Lancaster 2004, 'K 1196'"
1050,"BL, s.v. Kāraṇḍavyūha, pp. 418-419."
1050,"FGDB, s.v. 大乘莊嚴寶王經."
1050,"Giebel 2011, pp. 27-36."
1050,"Keyworth 2011b, p. 519."
1051,"Giebel 2011, pp. 27-36."
1051,"Lü 2017, pp. 78-79."
1051,"Lancaster 2004, 'K 1222'"
1052,"Giebel 2011, pp. 27-36."
1052,"Lancaster 2004, 'K 1031'"
1053,"Giebel 2011, pp. 27-36."
1053,"Lancaster 2004, 'K 1414'"
1054,"Giebel 2011, pp. 27-36."
1054,"Lancaster 2004, 'K 1122'"
1055,"Giebel 2011, pp. 27-36."
1055,"Giebel 2011, pp. 27-36."
1055,"Lancaster 2004, 'K 1186'"
1056,"FGDB, s.v. 千手經."
1056,"Giebel 2011, pp. 27-36."
1056,"Goble 2019, pp. 94-98"
1056,"SH, s.v. 千手, p. 81."
1056,"Lancaster 2004, 'K 1311'"
1057A,"Giebel 2011, pp. 27-36."
1057A,"Goble 2019, pp. 249-251"
1058,"FGDB, s.v. 千手經."
1058,"Lancaster 2004, 'K 293'"
1059,"Giebel 2011, pp. 27-36."
1060,"Abé, R 1999, p. 545."
1060,"FGDB, s.v. 大悲心陀羅尼經."
1060,"Giebel 2011, pp. 27-36."
1060,"Lancaster 2004, 'K 294'"
1060,"Orzech 2011b, pp. 332-333."
1061,"Giebel 2011, pp. 27-36."
1061,"Lancaster 2004, 'K 1270'"
1062A,"Giebel 2011, pp. 27-36."
1062B,"Giebel 2011, pp. 27-36."
1063,"Giebel 2011, pp. 27-36."
1064,"FGDB, s.v. 千手經."
1064,"Giebel 2011, pp. 27-36."
1065,"Giebel 2011, pp. 27-36."
1066,"Giebel 2011, pp. 27-36."
1066,"Goble 2019, pp. 293-295."
1066,"Nanjio 1883, p. 319, no. 1444."
1067,"FGDB, s.v. 補陀落海會軌."
1067,"Giebel 2011, pp. 27-36."
1068,"Giebel 2011, pp. 27-36."
1069,"Giebel 2011, pp. 27-36."
1069,"Shinohara 2014, pp. 40-41"
1069,"Lancaster 2004, 'K 1286'"
1070,"Giebel 2011, pp. 27-36."
1070,"Lancaster 2004, 'K 309'"
1070,"Shinohara 2014, pp. 40-41"
1070,"Yü 2001, pp. 54-56."
1071,"Abé, R 1999, p. 548."
1071,"Giebel 2011, pp. 27-36."
1071,"Shinohara 2014, pp. 40-41"
1071,"Lancaster 2004, 'K 310'"
1072A,"Giebel 2011, pp. 27-36."
1072A,"Shahar 2017, pp. 148-160."
1072B,"Giebel 2011, pp. 27-36."
1073,"FGDB, s.v. 何耶揭唎婆像法"
1073,"Giebel 2011, pp. 27-36."
1074,"FGDB, s.v. 何耶揭唎婆像法"
1074,"Giebel 2011, pp. 27-36."
1075,"Giebel 2011, pp. 27-36."
1075,"Lancaster 2004, 'K 315'."
1076,"Giebel 2011, pp. 27-36."
1076,"Lancaster 2004, 'K 1338'."
1077,"BL, s.v. Cundī, p. 204."
1077,"FGDB, s.v. 佛說七俱胝佛母心大準提陀羅尼經."
1077,"Giebel 2011, pp. 27-36."
1077,"Lancaster 2004, 'K 314'"
1078,"Giebel 2011, pp. 27-36."
1079,"FGDB, s.v. 七俱胝獨部法."
1079,"Giebel 2011, pp. 27-36."
1080,"FGDB, s.v. 觀世音菩薩如意摩尼陀羅尼經."
1080,"Giebel 2011, pp. 27-36."
1080,"Lancaster 2004, 'K 298'"
1081,"Giebel 2011, pp. 27-36."
1081,"Lancaster 2004, 'K 297'"
1082,"Giebel 2011, pp. 27-36."
1083,"Giebel 2011, pp. 27-36."
1083,"Lancaster 2004, 'K 295'"
1084,"FGDB, s.v. 觀世音菩薩如意摩尼輪陀羅尼念誦法."
1084,"Giebel 2011, pp. 27-36."
1085,"FGDB, s.v. 觀自在菩薩如意輪念誦儀軌."
1085,"Giebel 2011, pp. 27-36."
1085,"Lancaster 2004, 'K 1323'"
1086,"FGDB, s.v. 如意輪瑜伽."
1086,"Giebel 2011, pp. 27-36."
1086,"Lancaster 2004, 'K 1379'"
1087,"Abé, R 1999, p. 547."
1087,"Giebel 2011, pp. 27-36."
1087,"Lancaster 2004, 'K 472'"
1088,"Giebel 2011, pp. 27-36."
1089,"Giebel 2011, pp. 27-36."
1090,"Giebel 2011, pp. 27-36."
1090,"FGDB, s.v. 如意輪蓮華心如來修行觀門儀."
1091,"FGDB, s.v. 七星如意輪."
1091,"Giebel 2011, pp. 27-36."
1091,"Sørensen 2011e, p. 193."
1092,"Abé, R 1999, p. 548."
1092,"FGDB, s.v. 不空羂索神變真言經."
1092,"Giebel 2011, pp. 27-36."
1092,"Orzech 2017, p. 32."
1092,"Shinohara 2014, pp.  151-168."
1092,"Lancaster 2004, 'K 287'"
1093,"FGDB, s.v. 不空羂索神變真言經."
1093,"Giebel 2011, pp. 27-36."
1093,"Lancaster 2004, 'K 288'."
1093,"Shinohara 2014, pp.  151-168."
1094,"Abé, R 1999, p. 548."
1094,"FGDB, s.v. 不空羂索神變真言經."
1094,"Giebel 2011, pp. 27-36."
1094,"Shinohara 2014, pp.  151-168."
1094,"Lancaster 2004, 'K 289'"
1095,"Giebel 2011, pp. 27-36."
1095,"Shinohara 2014, pp.  151-168."
1096,"Giebel 2011, pp. 27-36."
1096,"Lancaster 2004, 'K 291'"
1096,"Shinohara 2014, pp.  151-168."
1097,"Giebel 2011, pp. 27-36."
1097,"Lancaster 2004, 'K 290'"
1097,"Shinohara 2014, pp.  151-168."
1098,"Giebel 2011, pp. 27-36."
1098,"Shinohara 2014, pp.  151-168."
1099,"Giebel 2011, pp. 27-36."
1099,"Shinohara 2014, pp.  151-168."
1100,"FGDB, s.v. 葉衣菩薩."
1100,"Giebel 2011, pp. 27-36."
1100,"Lancaster 2004, 'K 1305'."
1101,"FGDB, s.v. 大方廣曼殊室利經."
1101,"Giebel 2011, pp. 27-36."
1102,"Giebel 2011, pp. 27-36."
1102,"Lancaster 2004, 'K 1328'"
1103A,"Giebel 2011, pp. 27-36."
1103A,"Goble 2019, pp. 249-251"
1103A,"Lancaster 2004, 'K 317'"
1103B,"FGDB, s.v. 隨心咒."
1103B,"Giebel 2011, pp. 27-36."
1103B,"Sørensen 2011d, p. 54."
1104,"Giebel 2011, pp. 27-36."
1104,"Lancaster 2004, 'K 1235'"
1105,"FGDB, s.v. 一百八名陀羅尼經."
1105,"Giebel 2011, pp. 27-36."
1105,"Lancaster 2004, 'K 1131'"
1106,"Giebel 2011, pp. 27-36."
1106,"Lancaster 2004, 'K 1120'"
1107,"Giebel 2011, pp. 27-36."
1107,"Lancaster 2004, 'K 1187'."
1108A,"Giebel 2011, pp. 27-36."
1108B,"Giebel 2011, pp. 27-36."
1109,"Giebel 2011, pp. 27-36."
1110,"FGDB, s.v. 一髻尊陀羅尼經."
1110,"Giebel 2011, pp. 27-36."
1110,"Lancaster 2004, 'K 1360'"
1111,"Giebel 2011, pp. 27-36."
1112,"Giebel 2011, pp. 27-36."
1113A,"Giebel 2011, pp. 27-36."
1113B,"Giebel 2011, pp. 27-36."
1114,"Giebel 2011, pp. 27-36."
1115,"FGDB, s.v. 阿摩提觀音."
1115,"Giebel 2011, pp. 27-36."
1116,"Giebel 2011, pp. 27-36."
1116,"Lancaster 2004, 'K 1148'"
1117,"Giebel 2011, pp. 27-36."
1117,"Lancaster 2004, 'K 1239'"
1118,"Giebel 2011, pp. 27-36."
1118,"Lancaster 2004, 'K 1224j'"
1119,"Giebel 2011, pp. 27-36."
1119,"Lancaster 2004, 'K 1347'."
1120A,"Giebel 2011, pp. 27-36."
1120B,"Giebel 2011, pp. 27-36."
1121,"FGDB, s.v. 理趣經."
1121,"Giebel 2011, pp. 27-36."
1122,"FGDB, s.v. 理趣會."
1122,"Giebel 2011, pp. 27-36."
1123,"Giebel 2011, pp. 27-36."
1123,"Lancaster 2004, 'K 1315'"
1124,"Giebel 2011, pp. 27-36."
1124,"Lancaster 2004, 'K 1317'"
1125,"Giebel 2011, pp. 27-36."
1125,"McBride 2011, p. 309."
1125,"Lancaster 2004, 'K 1318'"
1126,"Giebel 2011, pp. 27-36."
1126,"Lancaster 2004, 'K 1168'"
1127,"Giebel 2011, pp. 27-36."
1127,"Lancaster 2004, 'K 1151'"
1128,"FGDB, s.v. 最上大乘金剛大教寶王經."
1128,"Giebel 2011, pp. 27-36."
1128,"Lancaster 2004, 'K 1203'."
1129,"Giebel 2011, pp. 27-36."
1129,"Lancaster 2004, 'K 1202'."
1130,"FGDB, s.v. 大乘金剛髻珠菩薩修行分."
1130,"Giebel 2011, pp. 27-36."
1130,"Lancaster 2004, 'K 83'."
1131,"Giebel 2011, pp. 27-36."
1131,"Lancaster 2004, 'K 1223'."
1132,"Giebel 2011, pp. 27-36."
1132,"Lancaster 2004, 'K 1316'."
1133,"Abé, R 1999, p. 545."
1133,"Giebel 2011, pp. 27-36."
1133,"Lancaster 2004, 'K 1319'."
1134A,"Giebel 2011, pp. 27-36."
1134B,"Abé, R 1999, p. 545."
1134B,"Giebel 2011, pp. 27-36."
1135,"Abé, R 1999, p. 545."
1135,"FGDB, s.v. 一切如來金剛壽命陀羅尼經."
1135,"Giebel 2011, pp. 27-36."
1135,"Lancaster 2004, 'K 1292'."
1136,"Giebel 2011, pp. 27-36."
1137,"FGDB, s.v. 佛說善法方便陀羅尼經."
1137,"Giebel 2011, pp. 27-36."
1137,"Lancaster 2004, 'K 342'."
1138A,"Giebel 2011, pp. 27-36."
1138A,"Lancaster 2004, 'K 343'."
1138B,"Giebel 2011, pp. 27-36."
1139,"Giebel 2011, pp. 27-36."
1139,"Lancaster 2004, 'K 351'"
1140,"Giebel 2011, pp. 27-36."
1140,"Lancaster 2004, 'K 1236'"
1141,"Giebel 2011, pp. 27-36."
1142,"Giebel 2011, pp. 27-36."
1142,"Lancaster 2004, 'K 1230d'"
1143,"Giebel 2011, pp. 27-36."
1143,"Lancaster 2004, 'K 1224g'."
1144,"Giebel 2011, pp. 27-36."
1145,"Abé 1999, p. 546"
1145,"FGDB, s.v. 虛空藏求聞持法."
1145,"Goble 2019, pp. 130-140"
1145,"Lancaster 2004, 'K 473'"
1146,"Giebel 2011, pp. 27-36."
1146,"Goble 2019, pp. 94-96"
1146,"Lancaster 2004, 'K 1324'"
1147,"Giebel 2011, pp. 27-36."
1147,"Lancaster 2004, 'K 1106'."
1148,"Giebel 2011, pp. 27-36."
1148,"Lancaster 2004, 'K 1230e'."
1149,"FGDB, s.v. 五大虛空藏菩薩."
1149,"Giebel 2011, pp. 27-36."
1149,"Sørensen 2011j, pp. 102-104."
1150,"FGDB, s.v. 十字佛頂印真言."
1151,"Giebel 2011, pp. 27-36."
1151,"Lancaster 2004, 'K 1371'."
1152,"Giebel 2011, pp. 27-36."
1152,"Lancaster 2004, 'K 1436'."
1153,"FGDB, s.v. 大隨求陀羅尼."
1153,"Giebel 2011, pp. 27-36."
1153,"Giebel 2016a, p. 138."
1153,"Lancaster 2004, 'K 1349'."
1153,"McBride 2017, pp. 139-140."
1154,"Copp 2011, p. 178."
1154,"Lancaster 2004, 'K 454'."
1155,"FGDB, s.v. 大隨求陀羅尼."
1155,"Giebel 2011, pp. 27-36."
1156A,"Giebel 2011, pp. 27-36."
1156B,"Giebel 2011, pp. 27-36."
1157,"Giebel 2011, pp. 27-36."
1157,"Lancaster 2004, 'K 457'."
1158,"Giebel 2011, pp. 27-36."
1158,"Lancaster 2004, 'K 457'."
1159A,"Giebel 2011, pp. 27-36."
1159B,"FGDB, s.v. 地藏菩薩陀羅尼經."
1159B,"Giebel 2011, pp. 27-36."
1160,"Giebel 2011, pp. 27-36."
1161,"FGDB, s.v. 觀藥王藥上二菩薩經."
1161,"Lancaster 2004, 'K 379'."
1161,"Sharf 2005, p. 337."
1162,"Lancaster 2004, 'K 448'."
1163,"FGDB, s.v. 雨寶陀羅尼經."
1163,"Lancaster 2004, 'K 1295'"
1164,"Lancaster 2004, 'K 1094'."
1165,"Lancaster 2004, 'K 1125'"
1166,"Giebel 2011, pp. 27-36."
1166,"Sørensen 2011e, pp. 188-189."
1167,"FGDB, s.v. 八大菩薩曼荼羅經."
1167,"Goble 2019, p. 276."
1167,"Lancaster 2004, 'K 1304'."
1168A,"FGDB, s.v. 八大曼拏羅經."
1168A,"Giebel 2011, pp. 27-36."
1168B,"FGDB, s.v. 八大曼拏羅經."
1168B,"Goble 2019, p. 276."
1169,"Giebel 2011, pp. 27-36."
1169,"Lancaster 2004, 'K 1213'."
1170,"Giebel 2011, pp. 27-36."
1170,"Lancaster 2004, 'K 1207'."
1171,"Giebel 2011, pp. 27-36."
1171,"Lin 2014, p. 277."
1171,"Lancaster 2004, 'K 1280'."
1171,"Tanaka 2018, pp. 197-198."
1177A,"Goble 2019, pp. 193-195"
1172,"Lancaster 2004, 'K 1350'."
1173,"Abé, R 1999, p. 545."
1173,"Giebel 2011, pp. 27-36."
1173,"Lancaster 2004, 'K 465'."
1174,"FGDB, s.v. 五字咒."
1174,"Lancaster 2004, 'K 1345'."
1175,"Lancaster 2004, 'K 1363'."
1176,"Lancaster 2004, 'K 1365'."
1177A,"FGDB, s.v. 大乘瑜伽金剛性海曼殊室利千臂千鉢大教王經."
1177A,"Giebel 2011, pp. 27-36."
1177A,"Goble 2019, pp. 193-195"
1177B,"Giebel 2011, pp. 27-36."
1178,"Giebel 2011, pp. 27-36."
1179,"Giebel 2011, pp. 27-36."
1180,"Giebel 2011, pp. 27-36."
1180,"Lancaster 2004, 'K 316'."
1181,"Giebel 2011, pp. 27-36."
1181,"Keyworth 2011, p. 437."
1181,"Lancaster 2004, 'K 299'."
1182,"Giebel 2011, pp. 27-36."
1182,"Lancaster 2004, 'K 300'."
1183,"Giebel 2011, pp. 27-36."
1184,"Giebel 2011, pp. 27-36."
1185,"Giebel 2011, pp. 27-36."
1186,"Giebel 2011, pp. 27-36."
1186,"Lancaster 2004, 'K 1230a'."
1187,"Giebel 2011, pp. 27-36."
1187,"Lancaster 2004, 'K 1419'."
1188,"Giebel 2011, pp. 27-36."
1189,"FGDB, s.v. 佛說文殊菩薩最勝真實名義經."
1189,"Giebel 2011, pp. 27-36."
1190,"Giebel 2011, pp. 27-36."
1191,"FGDB, s.v. 大方廣菩薩藏文殊師利根本儀軌經."
1191,"Keyworth 2011, p. 437."
1191,"Lancaster 2004, 'K 1138'."
1191,"Orzech 2011d, p. 442."
1192,"FGDB, s.v. 妙吉祥平等祕密最上觀門大教王經."
1192,"Sørensen 2011c, p. 295."
1193,"Giebel 2011, pp. 27-36."
1194,"Giebel 2011, pp. 27-36."
1195,"Giebel 2011, pp. 27-36."
1195,"Lancaster 2004, 'K 1330'."
1195,"Sheng 2020, p. 276."
1196,"Giebel 2011, pp. 27-36."
1196,"Lancaster 2004, 'K 1226'."
1197,"Giebel 2011, pp. 27-36."
1197,"Lancaster 2004, 'K 1178'."
1198,"FGDB, s.v. 聖者文殊師利發菩提心願文."
1199,"Giebel 2011, pp. 27-36."
1199,"Lancaster 2004, 'K 1376'."
1200,"Goble 2013, pp. 1-32."
1200,"Lancaster 2004, 'K 1285'."
1201,"Goble 2013, pp. 1-32."
1201,"Goble 2019, pp. 129-131"
1202,"Giebel 2011, pp. 27-36."
1202,"Lancaster 2004, 'K 1271'."
1202,"Orzech 2011e, p. 349."
1202,"SH, p. 104."
1203,"Dolce 2011, p. 765."
1204,"Giebel 2011, pp. 27-36."
1205,"FGDB, s.v. 勝軍不動明王四十八使者祕密成就儀軌."
1206,"FGDB, s.v. 俱利迦羅龍王."
1207,"FGDB, s.v. 俱利迦羅龍王."
1208,"FGDB, s.v. 俱利迦羅龍王."
1209,"FGDB, s.v. 金剛頂瑜伽降三世成就極深密門."
1209,"Lancaster 2004, 'K 1380'."
1209,"Sørensen 2011j, p. 108."
1210,"Sørensen 2011j, p. 108."
1211,"Giebel 2011, pp. 27-36."
1211,"Lancaster 2004, 'K 1326'."
1211,"Sørensen 2011j, p. 108."
1212,"Giebel 2011, pp. 27-36."
1213,"Giebel 2011, pp. 27-36."
1214,"Goble 2019, pp. 123-127"
1214,"Lancaster 2004, 'K 1351'."
1215,"FGDB, s.v. 閻曼德迦儀軌."
1215,"Giebel 2011, pp. 27-36."
1216,"FGDB, s.v. 閻曼德迦儀軌."
1217,"Giebel 2011, pp. 27-36."
1217,"Lancaster 2004, 'K 1208'."
1218,"FGDB, s.v. 閻曼德迦儀軌."
1219,"FGDB, s.v. 曼殊室利焰曼德迦萬愛祕術如意法."
1219,"Keyworth 2011c, p. 344."
1220,"Giebel 2011, pp. 27-36."
1221,"Giebel 2011, pp. 27-36."
1222A,"Giebel 2011, pp. 27-36."
1222B,"Giebel 2011, pp. 27-36."
1223,"Giebel 2011, pp. 27-36."
1224,"Giebel 2011, pp. 27-36."
1225,"Giebel 2011, pp. 27-36."
1225,"Lancaster 2004, 'K 1356'."
1226,"Giebel 2011, pp. 27-36."
1227,"Giebel 2011, pp. 27-36."
1227,"Lancaster 2004, 'K 1266'."
1228,"Giebel 2011, pp. 27-36."
1228,"Lancaster 2004, 'K 1265'."
1229,"FGDB, s.v. 護身符."
1229,"Giebel 2011, pp. 27-36."
1229,"Lancaster 2004, 'K 1264'."
1229,"Shahar 2017, p. 174."
1230,"Giebel 2011, pp. 27-36."
1231,"Giebel 2011, pp. 27-36."
1232,"Giebel 2011, pp. 27-36."
1233,"Giebel 2011, pp. 27-36."
1233,"Lancaster 2004, 'K 1110'."
1234,"Giebel 2011, pp. 27-36."
1234,"Lancaster 2004, 'K 1136'."
1235,"Lancaster 2004, 'K 1130'."
1236,"Giebel 2011, pp. 27-36."
1236,"Lancaster 2004, 'K 1157'."
1237,"Lancaster 2004, 'K 442'."
1237,"Shinohara 2014, pp. 29-30"
1238,"Shinohara 2014, pp. 27-30"
1239,"FGDB, s.v. 大元帥明王."
1239,"Giebel 2011, pp. 27-36."
1240,"Giebel 2011, pp. 27-36."
1241,"FGDB, s.v. 伽馱棒."
1241,"Giebel 2011, pp. 27-36."
1242,"Giebel 2011, pp. 27-36."
1242,"Lancaster 2004, 'K 1214'."
1243,"Giebel 2011, pp. 27-36."
1243,"Lancaster 2004, 'K 1097'."
1244,"FGDB, s.v. 佛說毘沙門天王經."
1244,"Lancaster 2004, 'K 1307'."
1245,"FGDB, s.v. 佛說毘沙門天王經."
1245,"Lancaster 2004, 'K 1185'."
1246,"Giebel 2011, pp. 27-36."
1247,"Giebel 2011, pp. 27-36."
1248,"Giebel 2011, pp. 27-36."
1249,"Giebel 2011, pp. 27-36."
1250,"Giebel 2011, pp. 27-36."
1251,"Giebel 2011, pp. 27-36."
1252A,"Giebel 2011, pp. 27-36."
1252B,"Giebel 2011, pp. 27-36."
1253,"Giebel 2011, pp. 27-36."
1253,"Lancaster 2004, 'K 1284'."
1254,"FGDB, s.v. 摩利支天."
1254,"Lancaster 2004, 'K 1377'."
1256,"Lancaster 2004, 'K 311'."
1257,"Orzech 2011d, pp. 429-430."
1257,"Lancaster 2004, 'K 1156'."
1260,"Lancaster 2004, 'K 1348'."
1260,"Sørensen 2011j, p. 119."
1261,"Lancaster 2004, 'K 1306'."
1261,"Sørensen 2011j, p. 119."
1262,"Lancaster 2004, 'K 875'."
1262,"Sørensen 2011j, p. 119."
1266,"Abé, R 1999, p. 550."
1266,"Giebel 2011, pp. 27-36."
1266,"Lancaster 2004, 'K 1378'"
1277,"Giebel 2011, pp. 27-36."
1278,"Giebel 2011, pp. 27-36."
1278,"Giebel 2016, p. 382."
1297,"Abé, R 1999, p. 547."
1297,"Giebel 2011, pp. 27-36."
1331,"Abé, R 1999, p. 547."
1331,"Lancaster 2004, 'K 174'"
1332,"Shinohara 2014, pp. 27-30"
1333,"Beghi 2011, pp. 661-662"
1336,"Shinohara 2014, pp. 29-30"
1340,"Sørensen 2011i, p. 461."
1363,"FGDB, s.v. 勝幢臂印陀羅尼經"
1364,"FGDB, s.v. 勝幢臂印陀羅尼經"