Taisho No.,markup
2076,"Page numbers from Whitfield.
<ol>
  <li>
    Scroll 1
    <ol>
      <li>
        序 Preface (vol. 1, p. 67)
      </li>
      <li>
        七佛 The Seven Buddhas (vol. 1, p. 71)
      </li>
      <li>
        Indian Patriarchs 1-14 (vol. 1, p. 79)
        <ol>
          <li>
            第一祖摩訶迦葉 1 Mahākāśyapa (vol. 1, p. 79)
          </li>
          <li>
            第二祖阿難 2 Ānanda (vol. 1, p. 81)
          </li>
          <li>
            第三祖商那和修 3 Sānakavāsa (vol. 1, p. 84)
          </li>
          <li>
            第四祖優波毱多 4 Upagupta (vol. 1, p. 86)
          </li>
          <li>
            第五祖提多迦 5 Dhritaka (vol. 1, p. 88)
          </li>
          <li>
            第六祖彌遮迦 6 Michkala (vol. 1, p. 90)
          </li>
          <li>
            第七祖婆須蜜 7 Vasumitra (vol. 1, p. 92)
          </li>
          <li>
            第八祖佛陀難提 8 Buddhanandi (vol. 1, p. 93)
          </li>
          <li>
            第九祖伏馱蜜多 9 Buddhamitra (vol. 1, p. 95)
          </li>
          <li>
            第十祖脇尊者 10 Parsva (vol. 1, p. 95)
          </li>
          <li>
            第十一祖富那夜奢 11 Punyayasas (vol. 1, p. 97)
          </li>
          <li>
            第十二祖馬鳴大士 12  Aśvaghoṣa (vol. 1, p. 98)
          </li>
          <li>
            第十三祖迦毘摩羅 13  Kapimala (vol. 1, p. 100)
          </li>
          <li>
            第十四祖龍樹 14 Nāgārjuna (vol. 1, p. 102)
          </li>
        </ol>
      </li>
    </ol>
  </li>
  <li>
    Scroll 2
    <ol>
      <li>
        Indian Patriarchs 15-27 (vol. 1, p. 107)
        <ol>
          <li>
            第十五祖迦那提婆 15 Kanadeva (vol. 1, p. 107)
          </li>
          <li>
            第十六祖羅睺羅多 16 Rahulata (vol. 1, p. 109)
          </li>
          <li>
            第十七祖僧伽難提 17 Sanghanandi (vol. 1, p. 111)
          </li>
          <li>
            第十八祖伽耶舍多 18 Gayasata (vol. 1, p. 114)
          </li>
          <li>
            第十九祖鳩摩羅多 19 Kumorata (vol. 1, p. 115)
          </li>
          <li>
            第二十祖闍夜多 20 Jāyatā (vol. 1, p. 116)
          </li>
          <li>
            第二十一祖婆修盤頭 21 Vasubandhu (vol. 1, p. 118)
          </li>
          <li>
            第二十二祖摩拏羅 22 Manorhita (vol. 1, p. 120)
          </li>
          <li>
            第二十三祖鶴勒那 23 Haklena (vol. 1, p. 122)
          </li>
          <li>
            第二十四祖師子比丘 24 Aryasimha (vol. 1, p. 125)
          </li>
          <li>
            第二十五祖婆舍斯多 25 Bashyashita (vol. 1, p. 128)
          </li>
          <li>
            第二十六祖不如密多 26 Punyamitra (vol. 1, p. 131)
          </li>
          <li>
            第二十七祖般若多羅 27 Prajñātara (vol. 1, p. 133)
          </li>
        </ol>
      </li>
    </ol>
  </li>
  <li>
    Scroll 3
    <ol>
      <li>
        Indian Patriarchs 28 (vol. 1, p. 137)
        <ol>
          <li>
            第二十八祖菩提達磨 28 Bodhidharma (vol. 1, p. 137)
          </li>
        </ol>
      </li>
      <li>
        Chinese Figures (vol. 1, p. 157)
        <ol>
          <li>
            第二十九祖慧可大師 29 Venerable Master Huike (vol. 1, p. 157)
          </li>
          <li>
            僧那禪師 Chan Master Sengna (vol. 1, p. 161)
          </li>
          <li>
            向居士 Layperson Xiang (vol. 1, p. 162)
          </li>
          <li>
            慧滿禪師 Chan Master Huiman (vol. 1, p. 163)
          </li>
          <li>
            僧璨大師 Venerable Master Sengcan (vol. 1, p. 163)
          </li>
          <li>
            道信大師 Venerable Master Daoxin (vol. 1, p. 167)
          </li>
          <li>
            弘忍大師 Venerable Master Hongren (vol. 1, p. 169)
          </li>
        </ol>
      </li>
    </ol>
  </li>
  <li>
    Scroll 4
    <ol>
      <li>
        Dharma Heirs of Chan Master Daoxin (vol. 2, p. 31)
        <ol>
          <li>
            法融禪師 Chan Master Farong (vol. 2, p. 31)
          </li>
          <li>
            智巖禪師 Chan Master Zhiyan (vol. 2, p. 39)
          </li>
          <li>
            ...
          </li>
          <li>
            神秀禪師 Chan Master Shenxiu (vol. 2, p. 58)
          </li>
          <li>
            慧安國師 State Preceptor (vol. 2, p. 59)
          </li>
          <li>
            ...
          </li>
        </ol>
      </li>
    </ol>
  </li>
  <li>
    Scroll 5
    <ol>
      <li>
        慧能 Huineng (vol. 2, p. 83)
      </li>
      <li>
        堀多三藏 Tripitaka Master Gupta (vol. 2, p. 92)
      </li>
      <li>
        ...
      </li>
      <li>
        神會禪師 Chan Master Shenhui (vol. 2, p. 137)
      </li>
    </ol>
  </li>
  <li>
    Scroll 6
    <ol>
      <li>
        道一禪師 Chan Master [Mazu] Daoyi (vol. 2, p. 141)
        <ol>
          <li>
            慧海禪師 Chan Master Huihai (vol. 2, p. 146)
          </li>
          <li>
            Other Dharma Heirs of Mazu
          </li>
        <ol>
      </li>
    </ol>
  </li>
  <li>
    Scroll 7 Other Dharma Heirs of Mazu continued (vol. 2, p. 175)
    <ol>
      <li>
         ...
      </li>
    </ol>
  </li>
  <li>
    Scroll 8 Other Dharma Heirs of Huirang and Mazu continued (vol. 2, p. 207)
    <ol>
      <li>
        ...
      </li>
      <li>
        南泉普願禪師 Chan Master Nanquan Puyuan (vol. 2, p. 212)
      </li>
      <li>
        ...
      </li>
    </ol>
  </li>
  <li>
    Scroll 9 (vol. 2, p. 252)
    <ol>
      <li>
        溈山靈祐禪師 Chan Master Guishan Lingyou (vol. 2, p. 253)
      </li>
      <li>
        ...
      </li>
    </ol>
  </li>
  <li>
    Scroll 10 (vol. 3, p. 25)
    <ol>
      <li>
        Dharma Heirs of Nanquan (vol. 3, p. 27)
      </li>
      <li>
        ...
      </li>
    </ol>
  </li>
  <li>
    Scroll 11 (vol. 3, p. 75)
    <ol>
      <li>
        ...
      </li>
    </ol>
  </li>
  <li>
    Scroll 12 (vol. 3, p. 124)
    <ol>
      <li>
        臨濟義玄禪師 Chan Master Linji Yixuan  (vol. 3, p. 127)
      </li>
      <li>
        ...
      </li>
    </ol>
  </li>
  <li>
    Scroll 13 (vol. 3, p. 193)
    <ol>
      <li>
        ...
      </li>
    </ol>
  </li>
</ol>
"