reference_no,file
2026,taisho/t2026.csv
2027,taisho/t2027.csv
2028,taisho/t2028.csv
2029,taisho/t2029.csv
2030,taisho/t2030.csv
2031,taisho/t2031.csv
2032,taisho/t2032.csv
2033,taisho/t2033.csv
2034,taisho/t2034.csv
2035,taisho/t2035.csv
2036,taisho/t2036.csv
2037,taisho/t2037.csv
2038,taisho/t2038.csv
2039,taisho/t2039.csv
2040,taisho/t2040.csv
2041,taisho/t2041.csv
2042,taisho/t2042.csv
2043,taisho/t2043.csv
2044,taisho/t2044.csv
2045,taisho/t2045.csv
2046,taisho/t2046.csv
2047A,taisho/t2047a.csv
2047B,taisho/t2047b.csv
2048,taisho/t2048.csv
2049,taisho/t2049.csv
2050,taisho/t2050.csv
2051,taisho/t2051.csv
2052,taisho/t2052.csv
2053,taisho/t2053.csv
2054,taisho/t2054.csv
2055,taisho/t2055.csv
2056,taisho/t2056.csv
2057,taisho/t2057.csv
2058,taisho/t2058.csv
2059,taisho/t2059.csv
2060,taisho/t2060.csv
2061,taisho/t2061.csv
2062,taisho/t2062.csv
2063,taisho/t2063.csv
2064,taisho/t2064.csv
2065,taisho/t2065.csv
2066,taisho/t2066.csv
2067,taisho/t2067.csv
2068,taisho/t2068.csv
2069,taisho/t2069.csv
2070,taisho/t2070.csv
2071,taisho/t2071.csv
2072,taisho/t2072.csv
2073,taisho/t2073.csv
2074,taisho/t2074.csv
2075,taisho/t2075.csv
2076,taisho/t2076.csv
2077,taisho/t2077.csv
2078,taisho/t2078.csv
2079,taisho/t2079.csv
2080,taisho/t2080.csv
2081,taisho/t2081.csv
2082,taisho/t2082.csv
2083,taisho/t2083.csv
2084,taisho/t2084.csv
2085,taisho/t2085.csv
2086,taisho/t2086.csv
2087,taisho/t2087.csv
2088,taisho/t2088.csv
2089,taisho/t2089.csv
2090,taisho/t2090.csv
2091,taisho/t2091.csv
2092,taisho/t2092.csv
2093,taisho/t2093.csv
2094,taisho/t2094.csv
2095,taisho/t2095.csv
2096,taisho/t2096.csv
2097,taisho/t2097.csv
2098,taisho/t2098.csv
2099,taisho/t2099.csv
2100,taisho/t2100.csv
2101,taisho/t2101.csv
2102,taisho/t2102.csv
2103,taisho/t2103.csv
2104,taisho/t2104.csv
2105,taisho/t2105.csv
2106,taisho/t2106.csv
2107,taisho/t2107.csv
2108,taisho/t2108.csv
2109,taisho/t2109.csv
2110,taisho/t2110.csv
2111,taisho/t2111.csv
2112,taisho/t2112.csv
2113,taisho/t2113.csv
2114,taisho/t2114.csv
2115,taisho/t2115.csv
2116,taisho/t2116.csv
2117,taisho/t2117.csv
2118,taisho/t2118.csv
2119,taisho/t2119.csv
2120,taisho/t2120.csv
